
{
  "customers": [
    {
      "addressLine0": "",
      "addressLine1": "",
      "addressLine2": "7568 STONE RD",
      "adfZipCode": "841215238",
      "adfcity": "SALT LAKE CITY",
      "adfstate": "UT",
      "businessDescription": "Charitable Organization",
      "cifBusinessType": "U",
      "cifCustomerType": "2",
      "cifName1": "*THE JOEL KATLYN VANDERROEST",
      "cifName2": "",
      "cifSubType": "",
      "corpType": "",
      "countryCode": "",
      "couvQuestion": "N",
      "dateOfBirth": "12011990",
      "ecn": "093458562138317",
      "firstName": "",
      "foreignStockExchange": "",
      "idDescription": "",
      "idExpDate": "00000000",
      "idTypeCode": "",
      "idIssuingCountry": "",
      "lastName": "",
      "middleName": "",
      "mktCountry1": "",
      "mktCountry2": "",
      "mktCountry3": "",
      "naic1": "081290",
      "naic2": "810000",
      "naic3": "813400",
      "nationality": "",
      "occupationCode": "",
      "officer": "K8710",
      "pepStatus": "",
      "permResidenceCountry": "",
      "pubTrade": "",
      "rau": "0000000",
      "regCountry": "US",
      "regState": "UT",
      "riskCode": "",
      "sourceofWealth": "",
      "ssnTaxId": "680164463",
      "ssnTaxIdType": "1",
      "stockExchangeCountry": "",
      "usStockExchangeName": "",
      "verificationDate": "00000000",
      "verifyEffectiveDate": "06022017",
      "verifyMethod": "",
      "verifyStatus": "GR",
      "customerAccounts": [
       {
          "accountNumber": "00000000000002559449729",
          "accountOfficerNumber": "U8650",
          "accountOpenDate": "06012017",
          "accountRAUNumber": "000000000",
          "accountRelationshipCode": "001",
          "companyId": "00119",
          "customerName": "*THE JOEL KATLYN VANDERROEST",
          "ecn": "093458562138317",
          "productId": "DDA"
        },
        {
          "accountNumber": "00000000000002559449737",
          "accountOfficerNumber": "U8650",
          "accountOpenDate": "05302017",
          "accountRAUNumber": "000000000",
          "accountRelationshipCode": "001",
          "companyId": "00119",
          "customerName": "*THE JOEL KATLYN VANDERROEST",
          "ecn": "093458562138317",
          "productId": "DDA"
        },
        {
          "accountNumber": "00000000000002559449828",
          "accountOfficerNumber": "U8650",
          "accountOpenDate": "06012017",
          "accountRAUNumber": "000000000",
          "accountRelationshipCode": "001",
          "companyId": "00119",
          "customerName": "*THE JOEL KATLYN VANDERROEST",
          "ecn": "093458562138317",
          "productId": "DDA"
        }
      ],
      "customers": []
    },
    {
      "addressLine0": "",
      "addressLine1": "",
      "addressLine2": "1238 MOOSE LOOP",
      "adfZipCode": "832544940",
      "adfcity": "MONTPELIER",
      "adfstate": "ID",
      "businessDescription": "YOUTH CENTER",
      "cifBusinessType": "C",
      "cifCustomerType": "2",
      "cifName1": "*THE SHEILA SHANEL VIOLANTE, INC.",
      "cifName2": "",
      "cifSubType": "CO",
      "corpType": "C",
      "countryCode": "",
      "couvQuestion": "N",
      "dateOfBirth": "04071953",
      "ecn": "187387032203613",
      "firstName": "",
      "foreignStockExchange": "",
      "idDescription": "",
      "idExpDate": "00000000",
      "idTypeCode": "",
      "idIssuingCountry": "",
      "lastName": "",
      "middleName": "",
      "mktCountry1": "",
      "mktCountry2": "",
      "mktCountry3": "",
      "naic1": "062410",
      "naic2": "623220",
      "naic3": "624110",
      "nationality": "",
      "occupationCode": "",
      "officer": "Q0331",
      "pepStatus": "",
      "permResidenceCountry": "",
      "pubTrade": "",
      "rau": "0000000",
      "regCountry": "US",
      "regState": "ID",
      "riskCode": "",
      "sourceofWealth": "",
      "ssnTaxId": "820255744",
      "ssnTaxIdType": "1",
      "stockExchangeCountry": "",
      "usStockExchangeName": "",
      "verificationDate": "00000000",
      "verifyEffectiveDate": "06202017",
      "verifyMethod": "",
      "verifyStatus": "GR",
      "customerAccounts": [
        {
          "accountNumber": "00000000000008523705641",
          "accountOfficerNumber": "Q4065",
          "accountOpenDate": "06192017",
          "accountRAUNumber": "000000000",
          "accountRelationshipCode": "001",
          "companyId": "00113",
          "customerName": "*THE SHEILA SHANEL VIOLANTE, INC.",
          "ecn": "187387032203613",
          "productId": "DDA"
        }
      ],
      "customers": []
    },
    {
      "addressLine0": "",
      "addressLine1": "",
      "addressLine2": "5847 BAYSHORE DR",
      "adfZipCode": "840749000",
      "adfcity": "STANSBURY PARK",
      "adfstate": "UT",
      "businessDescription": "Offices of real estate investors",
      "cifBusinessType": "L",
      "cifCustomerType": "2",
      "cifName1": "*EDWINA MALISSA - SWINK, LLC",
      "cifName2": "",
      "cifSubType": "",
      "corpType": "",
      "countryCode": "",
      "couvQuestion": "N",
      "dateOfBirth": "03062017",
      "ecn": "169677751933368",
      "firstName": "",
      "foreignStockExchange": "",
      "idDescription": "",
      "idExpDate": "00000000",
      "idTypeCode": "",
      "idIssuingCountry": "",
      "lastName": "",
      "middleName": "",
      "mktCountry1": "",
      "mktCountry2": "",
      "mktCountry3": "",
      "naic1": "053000",
      "naic2": "",
      "naic3": "",
      "nationality": "",
      "occupationCode": "",
      "officer": "",
      "pepStatus": "",
      "permResidenceCountry": "",
      "pubTrade": "N",
      "rau": "0000000",
      "regCountry": "US",
      "regState": "UT",
      "riskCode": "",
      "sourceofWealth": "",
      "ssnTaxId": "820771896",
      "ssnTaxIdType": "1",
      "stockExchangeCountry": "",
      "usStockExchangeName": "",
      "verificationDate": "00000000",
      "verifyEffectiveDate": "06152017",
      "verifyMethod": "",
      "verifyStatus": "",
      "customerAccounts": [],
      "customers": [
        {
          "parentEcn":"169677751933368",
          "addressLine0": "",
          "addressLine1": "",
          "addressLine2": "669 S 700 E APT C",
          "adfZipCode": "847703848",
          "adfcity": "ST GEORGE",
          "adfstate": "UT",
          "businessDescription": "",
          "cifBusinessType": "",
          "cifCustomerType": "0",
          "cifName1": "ONEIDA H MACALL",
          "cifName2": "",
          "cifSubType": "",
          "corpType": "",
          "countryCode": "",
          "couvQuestion": "",
          "dateOfBirth": "04131944",
          "ecn": "000220800312118",
          "firstName": "ONEIDA",
          "foreignStockExchange": "",
          "idDescription": "",
          "idExpDate": "00000000",
          "idTypeCode": "",
          "idIssuingCountry": "",
          "lastName": "MACALL",
          "middleName": "H",
          "mktCountry1": "",
          "mktCountry2": "",
          "mktCountry3": "",
          "naic1": "",
          "naic2": "",
          "naic3": "",
          "nationality": "US",
          "occupationCode": "02",
          "officer": "",
          "pepStatus": "",
          "permResidenceCountry": "",
          "pubTrade": "",
          "rau": "0000000",
          "regCountry": "",
          "regState": "",
          "riskCode": "",
          "sourceofWealth": "",
          "ssnTaxId": "529549007",
          "ssnTaxIdType": "0",
          "stockExchangeCountry": "",
          "usStockExchangeName": "",
          "verificationDate": "00000000",
          "verifyEffectiveDate": "00000000",
          "verifyMethod": "",
          "verifyStatus": "",
          "percentageOwned": "0010000"
        }
      ],
    },
    {
      "addressLine0": "",
      "addressLine1": "",
      "addressLine2": "625 N AMERICAN BEAUTY DR",
      "adfZipCode": "841162241",
      "adfcity": "SALT LAKE CITY",
      "adfstate": "UT",
      "businessDescription": "real estate developers",
      "cifBusinessType": "L",
      "cifCustomerType": "2",
      "cifName1": "*ALYSIA - EDWINA MISIK",
      "cifName2": "",
      "cifSubType": "",
      "corpType": "",
      "countryCode": "",
      "couvQuestion": "N",
      "dateOfBirth": "04212015",
      "ecn": "364831511636266",
      "firstName": "",
      "foreignStockExchange": "",
      "idDescription": "",
      "idExpDate": "00000000",
      "idTypeCode": "",
      "idIssuingCountry": "",
      "lastName": "",
      "middleName": "",
      "mktCountry1": "",
      "mktCountry2": "",
      "mktCountry3": "",
      "naic1": "053000",
      "naic2": "",
      "naic3": "",
      "nationality": "",
      "occupationCode": "",
      "officer": "",
      "pepStatus": "",
      "permResidenceCountry": "",
      "pubTrade": "N",
      "rau": "0000000",
      "regCountry": "US",
      "regState": "UT",
      "riskCode": "",
      "sourceofWealth": "",
      "ssnTaxId": "473784722",
      "ssnTaxIdType": "1",
      "stockExchangeCountry": "",
      "usStockExchangeName": "",
      "verificationDate": "00000000",
      "verifyEffectiveDate": "06152017",
      "verifyMethod": "",
      "verifyStatus": "",
      "customerAccounts": [],
     "customers": [
        {
                  "parentEcn": "364831511636266",
          "addressLine0": "",
          "addressLine1": "",
          "addressLine2": "669 S 700 E APT C",
          "adfZipCode": "847703848",
          "adfcity": "ST GEORGE",
          "adfstate": "UT",
          "businessDescription": "",
          "cifBusinessType": "",
          "cifCustomerType": "0",
          "cifName1": "ONEIDA H MACALL",
          "cifName2": "",
          "cifSubType": "",
          "corpType": "",
          "countryCode": "",
          "couvQuestion": "",
          "dateOfBirth": "04131944",
          "ecn": "000220800312118",
          "firstName": "ONEIDA",
          "foreignStockExchange": "",
          "idDescription": "",
          "idExpDate": "00000000",
          "idTypeCode": "",
          "idIssuingCountry": "",
          "lastName": "MACALL",
          "middleName": "H",
          "mktCountry1": "",
          "mktCountry2": "",
          "mktCountry3": "",
          "naic1": "",
          "naic2": "",
          "naic3": "",
          "nationality": "US",
          "occupationCode": "02",
          "officer": "",
          "pepStatus": "",
          "permResidenceCountry": "",
          "pubTrade": "",
          "rau": "0000000",
          "regCountry": "",
          "regState": "",
          "riskCode": "",
          "sourceofWealth": "",
          "ssnTaxId": "529549007",
          "ssnTaxIdType": "0",
          "stockExchangeCountry": "",
          "usStockExchangeName": "",
          "verificationDate": "00000000",
          "verifyEffectiveDate": "00000000",
          "verifyMethod": "",
          "verifyStatus": "",
                  "percentageOwned": "0160000"
        }
      ],
     },
    {
      "addressLine0": "",
      "addressLine1": "",
      "addressLine2": "446 NM 283",
      "adfZipCode": "877011327",
      "adfcity": "LAS VEGAS",
      "adfstate": "NM",
      "businessDescription": "PERSONAL CARE PRODUCTS",
      "cifBusinessType": "L",
      "cifCustomerType": "2",
      "cifName1": "*MOSTAD LLC",
      "cifName2": "",
      "cifSubType": "",
      "corpType": "",
      "countryCode": "",
      "couvQuestion": "N",
      "dateOfBirth": "06032016",
      "ecn": "575749961706314",
      "firstName": "",
      "foreignStockExchange": "",
      "idDescription": "",
      "idExpDate": "00000000",
      "idTypeCode": "",
      "idIssuingCountry": "",
      "lastName": "",
      "middleName": "",
      "mktCountry1": "",
      "mktCountry2": "",
      "mktCountry3": "",
      "naic1": "081210",
      "naic2": "",
      "naic3": "",
      "nationality": "",
      "occupationCode": "",
      "officer": "",
      "pepStatus": "",
      "permResidenceCountry": "",
      "pubTrade": "N",
      "rau": "0000000",
      "regCountry": "US",
      "regState": "NM",
      "riskCode": "",
      "sourceofWealth": "",
      "ssnTaxId": "352565409",
      "ssnTaxIdType": "1",
      "stockExchangeCountry": "",
      "usStockExchangeName": "",
      "verificationDate": "06092017",
      "verifyEffectiveDate": "06092017",
      "verifyMethod": "DOCU",
      "verifyStatus": "CV",
      "customerAccounts": [
        {
          "accountNumber": "00000000000006321434505",
          "accountOfficerNumber": "M4779",
          "accountOpenDate": "06052017",
          "accountRAUNumber": "000000000",
          "accountRelationshipCode": "001",
          "companyId": "00585",
          "customerName": "*MOSTAD LLC",
          "ecn": "575749961706314",
          "productId": "DDA"
        }
      ],
      "customers": []
    },
    {
      "addressLine0": "",
      "addressLine1": "",
      "addressLine2": "1252 ATRISCO DR SW",
      "adfZipCode": "871053567",
      "adfcity": "ALBUQUERQUE",
      "adfstate": "NM",
      "businessDescription": "sell insurance to Indian tribes",
      "cifBusinessType": "C",
      "cifCustomerType": "2",
      "cifName1": "*ELDON SCHEIDERER INSURANCE GROUP, INC",
      "cifName2": "",
      "cifSubType": "CO",
      "corpType": "C",
      "countryCode": "",
      "couvQuestion": "N",
      "dateOfBirth": "11172012",
      "ecn": "480608262245363",
      "firstName": "",
      "foreignStockExchange": "",
      "idDescription": "",
      "idExpDate": "00000000",
     "idTypeCode": "",
      "idIssuingCountry": "",
      "lastName": "",
      "middleName": "",
      "mktCountry1": "",
      "mktCountry2": "",
      "mktCountry3": "",
      "naic1": "092110",
      "naic2": "",
      "naic3": "",
      "nationality": "",
      "occupationCode": "",
      "officer": "",
      "pepStatus": "",
      "permResidenceCountry": "",
      "pubTrade": "N",
      "rau": "0000000",
      "regCountry": "US",
      "regState": "NM",
      "riskCode": "",
      "sourceofWealth": "",
      "ssnTaxId": "900902059",
      "ssnTaxIdType": "1",
      "stockExchangeCountry": "",
      "usStockExchangeName": "",
      "verificationDate": "00000000",
      "verifyEffectiveDate": "06142017",
      "verifyMethod": "",
      "verifyStatus": "GR",
      "customerAccounts": [
        {
          "accountNumber": "00000000000006321434489",
          "accountOfficerNumber": "M0131",
          "accountOpenDate": "06132017",
          "accountRAUNumber": "000000000",
          "accountRelationshipCode": "001",
          "companyId": "00585",
          "customerName": "*ELDON SCHEIDERER INSURANCE GROUP, INC",
          "ecn": "480608262245363",
          "productId": "DDA"
        }
      ],
      "customers": []
    },
    {
      "addressLine0": "",
      "addressLine1": "",
      "addressLine2": "904 SHELDON ST",
      "adfZipCode": "881016011",
      "adfcity": "CLOVIS",
      "adfstate": "NM",
      "businessDescription": "Post Graduate Education",
      "cifBusinessType": "C",
      "cifCustomerType": "2",
      "cifName1": "*JANICE JADWIGA PANELLI CENTER, INC.",
      "cifName2": "",
      "cifSubType": "CO",
      "corpType": "C",
      "countryCode": "",
      "couvQuestion": "N",
      "dateOfBirth": "06291989",
      "ecn": "000387045221957",
      "firstName": "",
      "foreignStockExchange": "",
      "idDescription": "",
      "idExpDate": "00000000",
      "idTypeCode": "",
      "idIssuingCountry": "",
      "lastName": "",
      "middleName": "",
      "mktCountry1": "",
      "mktCountry2": "",
      "mktCountry3": "",
      "naic1": "061130",
      "naic2": "",
      "naic3": "",
      "nationality": "",
      "occupationCode": "",
      "officer": "",
      "pepStatus": "",
      "permResidenceCountry": "",
      "pubTrade": "N",
      "rau": "0000000",
      "regCountry": "US",
      "regState": "NM",
      "riskCode": "",
      "sourceofWealth": "",
      "ssnTaxId": "850224379",
      "ssnTaxIdType": "1",
      "stockExchangeCountry": "",
      "usStockExchangeName": "",
      "verificationDate": "00000000",
      "verifyEffectiveDate": "06072017",
      "verifyMethod": "",
      "verifyStatus": "GR",
      "customerAccounts": [
        {
          "accountNumber": "00000000000003198735502",
          "accountOfficerNumber": "M1182",
          "accountOpenDate": "06062017",
          "accountRAUNumber": "000000000",
          "accountRelationshipCode": "001",
          "companyId": "00585",
          "customerName": "*JANICE JADWIGA PANELLI CENTER, INC.",
          "ecn": "000387045221957",
          "productId": "DDA"
        }
      ],
      "customers": []
    },
    {
      "addressLine0": "",
      "addressLine1": "",
      "addressLine2": "260 E KELSEY AVE",
      "adfZipCode": "841114613",
      "adfcity": "SALT LAKE CITY",
      "adfstate": "UT",
      "businessDescription": "IRA Account Funds",
      "cifBusinessType": "L",
      "cifCustomerType": "2",
      "cifName1": "*SABRINA INVESTMENT DEREZINSKI, LLC",
      "cifName2": "",
      "cifSubType": "",
      "corpType": "",
      "countryCode": "",
      "couvQuestion": "N",
      "dateOfBirth": "06092017",
      "ecn": "352588912150618",
      "firstName": "",
      "foreignStockExchange": "",
      "idDescription": "",
      "idExpDate": "00000000",
      "idTypeCode": "",
      "idIssuingCountry": "",
      "lastName": "",
      "middleName": "",
      "mktCountry1": "",
      "mktCountry2": "",
      "mktCountry3": "",
      "naic1": "052592",
      "naic2": "",
      "naic3": "",
      "nationality": "",
      "occupationCode": "",
      "officer": "",
      "pepStatus": "",
      "permResidenceCountry": "",
      "pubTrade": "N",
      "rau": "0000000",
      "regCountry": "US",
      "regState": "UT",
      "riskCode": "",
      "sourceofWealth": "",
      "ssnTaxId": "821786298",
      "ssnTaxIdType": "1",
      "stockExchangeCountry": "",
      "usStockExchangeName": "",
      "verificationDate": "00000000",
      "verifyEffectiveDate": "06222017",
      "verifyMethod": "",
      "verifyStatus": "",
      "customerAccounts": [],
      "customers": [
        {
                  "parentEcn": "352588912150618",
          "addressLine0": "",
          "addressLine1": "",
          "addressLine2": "3585 S 2245 E",
         "adfZipCode": "841092958",
          "adfcity": "SALT LAKE CITY",
          "adfstate": "UT",
          "businessDescription": "",
          "cifBusinessType": "",
          "cifCustomerType": "0",
          "cifName1": "MADDIE A MATTIA",
          "cifName2": "",
          "cifSubType": "",
          "corpType": "",
          "countryCode": "",
          "couvQuestion": "",
          "dateOfBirth": "09211977",
          "ecn": "000000104791921",
          "firstName": "MADDIE",
          "foreignStockExchange": "",
          "idDescription": "",
          "idExpDate": "00000000",
          "idTypeCode": "",
          "idIssuingCountry": "",
          "lastName": "MATTIA",
          "middleName": "A",
          "mktCountry1": "",
          "mktCountry2": "",
          "mktCountry3": "",
          "naic1": "",
          "naic2": "",
          "naic3": "",
          "nationality": "US",
          "occupationCode": "01",
          "officer": "",
          "pepStatus": "",
          "permResidenceCountry": "",
          "pubTrade": "",
          "rau": "0000000",
          "regCountry": "",
          "regState": "",
          "riskCode": "",
          "sourceofWealth": "FAMTR",
          "ssnTaxId": "528635735",
          "ssnTaxIdType": "0",
          "stockExchangeCountry": "",
          "usStockExchangeName": "",
          "verificationDate": "00000000",
          "verifyEffectiveDate": "02052017",
          "verifyMethod": "",
          "verifyStatus": "GR",
          "percentageOwned": "1000000"
        }
      ],
    }
  ]
}
