{
	"id": 11049710,
	"version": 2,
	"objectAvailable": true,
	"systemRecordFlag": false,
	"entityDefinitionType": 1,
	"entityDefinitionId": 1,
	"richRemarks": {
		"content": "This is a test description for OC_MU_001",
		"plainTextContent": "This is a test description for OC_MU_001"
	},
	"modifyId": "ASSYSTAPIPMM",
	"modifyDate": "2018-03-20T12:56:56.857-04:00",
	"discontinued": false,
	"csgId": 9,
	"csgShortCode": "PMRY_MM",
	"csgEnabled": true,
	"csgActive": true,
	"csg": {
		"id": 9,
		"version": 1,
		"objectAvailable": true,
		"systemRecordFlag": false,
		"entityDefinitionType": 1,
		"shortCode": "PMRY_MM",
		"name": "Managed Network Services",
		"richRemarks": {
			"plainTextContent": ""
		},
		"modifyId": "GWILSON",
		"modifyDate": "2017-03-23T10:22:42.720-04:00",
		"discontinued": false,
		"tenantId": 0,
		"assignedContactUsers": 0,
		"remarks": "",
		"anonymousRecord": false,
		"record": true,
		"systemRecord": false
	},
	"incDataVersion": 2,
	"dateLogged": "2018-03-20T12:56:56.120-04:00",
	"affectedUserId": 14417,
	"affectedUserName": "Dexia",
	"affectedUserTelephone": "",
	"affectedUserTelephoneExtension": "",
	"reportingUserId": -1,
	"authorisingUserId": 0,
	"responsibleUserId": 0,
	"technicalUserId": 0,
	"responsibleBUserId": 0,
	"responsibleServDeptId": 0,
	"technicalServDeptId": 0,
	"responsibleBServDeptId": 0,
	"departmentId": 419,
	"roomId": 4092,
	"itemAId": 8356,
	"itemBId": 8361,
	"linkedItemGroups": [{
		"version": 1,
		"objectAvailable": true,
		"systemRecordFlag": false,
		"cacheable": true,
		"linkDate": "2018-03-15T17:00:49.049-04:00",
		"parentType": "com.axiossystems.assyst.dto.events.EventDto",
		"anonymousRecord": false,
		"record": false,
		"systemRecord": false
	}],
	"linkedItemsCount": 0,
	"additionalAffectedUsersCount": 0,
	"categoryId": 228,
	"seriousnessId": 54,
	"priorityId": 54,
	"priorityDerivedId": 58,
	"shortDescription": "(Reporting User: MM_DEFAULT_USER_DEXIA) Summary for incident OC_MU_001",
	"callbackRequired": false,
	"downFlag": false,
	"templateProcessId": 0,
	"slaId": 43,
	"userReference": "OC_MU_001",
	"eventCost": 0.0,
	"receiveSourceType": 5,
	"chargeFlag": 2,
	"projectId": 0,
	"costCentreId": 0,
	"filteringCsgId": 0,
	"assignedUserId": 0,
	"assignedServDeptId": 738,
	"eventRef": 1049710,
	"formattedReference": "1049710",
	"incChkRef": 0,
	"eventStatus": 1,
	"eventState": 7,
	"loggingUserId": 24439,
	"loggingContactUserId": 0,
	"callbackUserId": 0,
	"lastResolvingUserId": 0,
	"lastClosingUserId": 0,
	"loggingServDeptId": 738,
	"terminalLockingUserId": 0,
	"lastAcknowledgingServDeptId": 0,
	"lastCallBackServDeptId": 0,
	"lastResolvingServDeptId": 0,
	"lastClosingServDeptId": 0,
	"causeItemId": 0,
	"causeCategoryId": 0,
	"userStatusId": 0,
	"dateOfLastAssignment": "2018-03-20T12:56:56.120-04:00",
	"assignedSupplierId": 0,
	"chargeCodeId": 0,
	"servDeptAcknowledgementRequired": false,
	"timeToCallbackSla": {
		"value": 0
	},
	"downTime": {
		"value": 0
	},
	"totalTimeClockStopped": {
		"value": 0
	},
	"timeToRespondSla": {
		"value": 0
	},
	"timeToResolveSla": {
		"value": 0
	},
	"timeToResolveActual": {
		"value": 0
	},
	"slaShortCode": "MM_STANDARD",
	"slaTimeType": 1,
	"slaMonStart": "1901-01-01T08:00:00.000-05:00",
	"slaMonEnd": "1901-01-01T20:30:00.000-05:00",
	"slaTueStart": "1901-01-01T08:00:00.000-05:00",
	"slaTueEnd": "1901-01-01T20:30:00.000-05:00",
	"slaWedStart": "1901-01-01T08:00:00.000-05:00",
	"slaWedEnd": "1901-01-01T20:30:00.000-05:00",
	"slaThrStart": "1901-01-01T08:00:00.000-05:00",
	"slaThrEnd": "1901-01-01T20:30:00.000-05:00",
	"slaFriStart": "1901-01-01T08:00:00.000-05:00",
	"slaFriEnd": "1901-01-01T20:30:00.000-05:00",
	"slaSatStart": "1901-01-01T00:00:00.000-05:00",
	"slaSatEnd": "1901-01-01T00:00:00.000-05:00",
	"slaSunStart": "1901-01-01T00:00:00.000-05:00",
	"slaSunEnd": "1901-01-01T00:00:00.000-05:00",
	"supplierTimeToRespondActual": {
		"value": 0
	},
	"supplierTimeToResolveActual": {
		"value": 0
	},
	"supplierSlaId": 0,
	"supplierSlaTimeType": 1,
	"holidayPlanId": 2,
	"alertStatus": 1,
	"slaEsc1Breach": false,
	"slaEsc2Breach": false,
	"slaEsc3Breach": false,
	"slaEsc4Breach": false,
	"slaEsc5Breach": false,
	"slaEsc6Breach": false,
	"slaEsc7Breach": false,
	"slaEsc8Breach": false,
	"slaEsc9Breach": false,
	"slaEsc10Breach": false,
	"supplierEsc1Breach": false,
	"supplierEsc2Breach": false,
	"supplierEsc3Breach": false,
	"supplierEsc4Breach": false,
	"supplierEsc5Breach": false,
	"supplierEsc6Breach": false,
	"supplierEsc7Breach": false,
	"supplierEsc8Breach": false,
	"supplierEsc9Breach": false,
	"supplierEsc10Breach": false,
	"olaEsc1Breach": false,
	"olaEsc2Breach": false,
	"olaEsc3Breach": false,
	"olaEsc4Breach": false,
	"olaEsc5Breach": false,
	"olaEsc6Breach": false,
	"olaEsc7Breach": false,
	"olaEsc8Breach": false,
	"olaEsc9Breach": false,
	"olaEsc10Breach": false,
	"uflag1": false,
	"uflag2": false,
	"uflag4": "n",
	"majorIncidentFlag": false,
	"attachedProcessId": 0,
	"parentEventId": 0,
	"knowledgeProcedureId": 0,
	"totalTimeSupplierClockStopped": {
		"value": 0
	},
	"originalAssignedServDeptId": 738,
	"originalAssignedServDeptSC": "ZZ MM AUTOMATION",
	"lastSupplierActionTypeId": 37,
	"supHolidayPlanId": 0,
	"lastActionTypeId": 1,
	"totalServiceTime": {
		"value": 0
	},
	"totalServiceCost": 0.0,
	"purchaseOrderId": 0,
	"currentStageId": 0,
	"lastActionDate": "2018-03-20T12:56:56.120-04:00",
	"lastActionUserSC": "ASSYSTAPIPMM",
	"lastActionServDeptSC": "ZZ MM AUTOMATION",
	"eventType": 1,
	"supplierTimeToResolveSla": {
		"value": 0
	},
	"supplierTimeToRespondSla": {
		"value": 0
	},
	"assignmentCount": 1,
	"nextActionTypeId": 0,
	"originalAssignedUserId": 0,
	"actionCount": 1,
	"isLocked": false,
	"svdSlaId": 0,
	"slaChangedBy": "INFRASTRUCTURE",
	"subEventType": 1,
	"serviceOfferingId": 0,
	"verifyAuthoriseAction": false,
	"verifyDoNotAuthoriseAction": false,
	"totalAttachmentCount": 0,
	"bundleEventId": 0,
	"bundleType": 0,
	"bundleComponentSortOrder": 0,
	"orderId": 0,
	"reviewingUserId": 0,
	"lastReviewingUserId": 0,
	"lifecycleKnowledgeProcedureId": 0,
	"remarksEnteredBySystem": false,
	"eventLoggingTime": {
		"value": 0
	},
	"eventStateEnum": "LOGGED",
	"eventStatusEnum": "OPEN",
	"eventTypeEnum": "INCIDENT",
	"slaTimeTypeEnum": "HOURS",
	"supplierSlaTimeTypeEnum": "HOURS",
	"subEventTypeEnum": "NORMAL",
	"decisionTask": false,
	"authorisationTask": false,
	"impactId": 54,
	"urgencyId": 54,
	"receiveSourceTypeEnum": "OTHER",
	"remarks": "This is a test description for OC_MU_001",
	"anonymousRecord": false,
	"record": true,
	"systemRecord": false
}