{
	"RespCode":"400",
	"RespShortDescr":"Event update encountered an error",
	"Type": "ComplexValidationException",
	"Message": "A complex validation error has been detected by the application.",
	"Errors": [
		{
			"rule": "isPriorityValidOrDefault",
			"field": "priorityDerived",
			"message": "No default value for Priority has been Configured.",
			"diagnostic": "Event has no priority and No default exists.",
			"objectFailingValidationClass": "com.axiossystems.assyst.dto.events.EventDto"
		},
		{
			"rule": "mandatorySlaTimeToRespond",
			"field": "timeToRespondSla",
			"message": "This event is not configured with Sla Time to Respond value. Please contact a system administrator.",
			"diagnostic": "",
			"objectFailingValidationClass": "com.axiossystems.assyst.dto.events.EventDto"
		},
		{
			"rule": "mandatorySeriousness",
			"field": "seriousness",
			"message": "Impact is required.",
			"diagnostic": "",
			"objectFailingValidationClass": "com.axiossystems.assyst.dto.events.EventDto"
		}
	]
}