{
  "ticket": {
    "eventType": "PROBLEM",
    "client": "Pomeroy",
    "sourceTicketId": "001",
    "sourceTicketNumber": "OC_MU_001",
    "summary": "Summary for incident OC_MU_001",
    "description": "This is a test description for OC_MU_001",
    "impact": "Medium",
    "urgency": "Medium",
    "affectedUser": "Default_User",
    "receivedFromSource": "Unknown",
    "category": "Alert",
    "impactedItemCategory": "Network_Devices",
    "impactedItem": "DEX_ROUTER_1",
    "assignedServiceDepartment":"DEPT_1"
  }
}