{
  "ticket": {
    "eventType": "CHANGE",
    "subEventType": "SERVICEREQUEST",
    "client": "Pomeroy",
    "sourceTicketId": "001",
    "sourceTicketNumber": "OC_MU_001",
    "summary": "Summary for incident OC_MU_001",
    "description": "This is a test description for OC_MU_001",
    "impact": "Medium",
    "urgency": "Medium",
    "affectedUser": "MM_DEFAULT_USER_CETERA",
    "receivedFromSource": "Unknown",
    "category": "MM_CONSULT",
    "impactedItemCategory": "Network_Devices",
    "impactedItem": "DEX_ROUTER_1",
    "serviceOffering": "some-service-offering",
    "requiredByDate": "2018-09-28T18:56:31Z"    
  }
}