<?xml version="1.0" encoding="UTF-8"?>
<mule xmlns="http://www.mulesoft.org/schema/mule/core"
	xmlns:apikit="http://www.mulesoft.org/schema/mule/apikit" xmlns:http="http://www.mulesoft.org/schema/mule/http"
	xmlns:spring="http://www.springframework.org/schema/beans" xmlns:xsi="http://www.w3.org/2001/XMLSchema-instance"
	xmlns:doc="http://www.mulesoft.org/schema/mule/documentation"
	xsi:schemaLocation="http://www.mulesoft.org/schema/mule/core http://www.mulesoft.org/schema/mule/core/current/mule.xsd 
	http://www.mulesoft.org/schema/mule/http http://www.mulesoft.org/schema/mule/http/current/mule-http.xsd 
	http://www.mulesoft.org/schema/mule/apikit http://www.mulesoft.org/schema/mule/apikit/current/mule-apikit.xsd 
	http://www.springframework.org/schema/beans http://www.springframework.org/schema/beans/spring-beans-3.1.xsd ">

	
	<flow name="onBoarding-prc-api-main">
		<http:listener config-ref="SharedHTTPListener"
			path="${http.basepath}/api/${api.version}/*" doc:name="HTTP" />
		<apikit:router config-ref="apiConfig" doc:name="APIkit Router" />
		<exception-strategy ref="onBoarding-prc-api-apiKitGlobalExceptionMapping" />
	</flow>
	<flow name="onBoarding-prc-api-console">
		<http:listener config-ref="SharedHTTPListener" path="/console/*" />
		<apikit:console config-ref="apiConfig" />
	</flow>


	<!-- CustomerVerification starts here -->
	<flow
		name="get:/CustomerVerification/{wcisId}/checkOnboardEligibility:apiConfig">
		<flow-ref name="checkOnboardEligible" doc:name="checkOnboardEligible" />
	</flow>
	<flow name="get:/CustomerVerification/{wcisId}/checkVolkerFlag:apiConfig">
		<flow-ref name="checkVolkerFlag" doc:name="checkVolkerFlag" />
	</flow>
	<flow
		name="get:/CustomerVerification/{wcisId}/determineCustomerType:apiConfig">
		<flow-ref name="determineCustomerType" doc:name="determineCustomerType" />

	</flow>
	<flow
		name="get:/CustomerVerification/{wcisId}/getCustomerVerificationMetaData:apiConfig">
		<flow-ref name="getCustomerVerificationMetaData" doc:name="getCustomerVerificationMetaData" />
	</flow>
	<flow
		name="get:/CustomerVerification/{wcisId}/isCustomerAlreadyExisting:apiConfig">
		<flow-ref name="isCustomerDleaAlreadyExists" doc:name="isCustomerDleaAlreadyExists" />
	</flow>
	<flow
		name="get:/CustomerVerification/{wcisId}/isCustomerDLEACompleted:apiConfig">
		<flow-ref name="isCustomerDleaCompleted" doc:name="isCustomerDleaCompleted" />
	</flow>
	<flow name="get:/CustomerVerification/{wcisId}/isCustomerInFlight:apiConfig">
		<flow-ref name="isCustomerInFlight" doc:name="isCustomerInFlight" />
	</flow>
	<flow
		name="get:/CustomerVerification/{wcisId}/isCustomerRiskExited:apiConfig">
		<flow-ref name="isCustomerRiskExited" doc:name="isCustomerRiskExited" />
	</flow>
	<flow
		name="get:/CustomerVerification/{wcisId}/isCustomerSuspended:apiConfig">
		<flow-ref name="isCustomerSuspended" doc:name="isCustomerSuspended" />
	</flow>
	<flow
		name="get:/CustomerVerification/{wcisId}/isCustomerTerminated:apiConfig">
		<flow-ref name="isCustomerTerminated" doc:name="isCustomerTerminated" />
	</flow>
	<flow
		name="get:/CustomerVerification/{wcisId}/isCustomerUnderUpdate:apiConfig">
		<flow-ref name="isCustomerUnderUpdate" doc:name="isCustomerUnderUpdate" />
	</flow>


	<!-- CustomerCore service starts here -->
	<flow name="put:/CustomerCore/updateCustomerMainParty:apiConfig">
		<flow-ref name="updateCustomerMainParty" doc:name="Flow Reference" />
	</flow>

	<flow name="post:/CustomerCore/{customerId}/addAddress:apiConfig">
		<flow-ref name="addAddress" doc:name="Flow Reference" />
	</flow>

	<flow name="post:/CustomerCore/addRelationship:apiConfig">
		<flow-ref name="addRelationship" doc:name="Flow Reference" />
	</flow>

	<flow name="post:/CustomerCore/addCustomerRelatedParty:apiConfig">
		<flow-ref name="addCustomerRelatedParty" doc:name="Flow Reference" />
	</flow>
	<flow name="post:/CustomerCore/isEDDRequired:apiConfig">
		<flow-ref name="isEDDRequired" doc:name="Flow Reference" />
	</flow>
	<flow name="post:/CustomerCore/isEDDCRequired:apiConfig">
		<flow-ref name="isEDDCRequired" doc:name="Flow Reference" />
	</flow>
	<flow name="post:/CustomerCore/isCipNoticeProvided:apiConfig">
		<flow-ref name="isCipNoticeProvided" doc:name="Flow Reference" />
	</flow>

	<flow name="post:/CustomerCore/addCustomerMainParty:apiConfig">
		<flow-ref name="addCustomerMainParty" doc:name="Flow Reference" />
	</flow>

	<flow name="post:/CustomerCore/{customerId}/addPerson:apiConfig">
		<flow-ref name="addPerson" doc:name="Flow Reference" />
	</flow>

	<flow name="post:/CustomerCore/isCipVerificationCompleted:apiConfig">

			<flow-ref name="isCipVerificationCompleted" doc:name="Flow Reference" />
		</flow>
		
		
    <flow name="post:/CustomerDlea/{customerId}/addDueDiligence:apiConfig">
			<flow-ref name="addDueDiligence" doc:name="Flow Reference" />
		</flow>
		
     <flow name="post:/CustomerDlea/{customerId}/initiateDlea:apiConfig">
			<flow-ref name="initiateDlea" doc:name="Flow Reference" />
		</flow>
		

		
	


	

		

		
    <flow name="post:/CustomerDocument/{customerId}/uploadDocument:apiConfig">
			<flow-ref name="uploadDocument" doc:name="Flow Reference" />
		</flow>
	


<!-- CustomerRiskAttributes service starts here -->
	<flow name="post:/CustomerRiskAttributes/{customerId}/addNaicCodes:apiConfig">
		<flow-ref name="addNaicCodes" doc:name="Flow Reference" />
	</flow>
	<flow
		name="post:/CustomerRiskAttributes/{customerId}/addBookingOfficeAndOus:apiConfig">
		<flow-ref name="addBookingOfficeAndOus" doc:name="Flow Reference" />
	</flow>
	<flow
		name="post:/CustomerRiskAttributes/{customerId}/addPubliclyTradedInfo:apiConfig">
		<flow-ref name="addPubliclyTradedInfo" doc:name="Flow Reference" />
	</flow>
	<flow
		name="post:/CustomerRiskAttributes/{customerId}/addMarketsServed:apiConfig">
		<flow-ref name="addMarketsServed" doc:name="Flow Reference" />
	</flow>

	<flow name="post:/CustomerRiskAttributes/{customerId}/addSarfs:apiConfig">
		<flow-ref name="addSarfs" doc:name="Flow Reference" />
	</flow>
	<flow name="post:/CustomerRiskAttributes/{customerId}/addProducts:apiConfig">
		<flow-ref name="addProducts" doc:name="Flow Reference" />
	</flow>
	
	<!-- Exception handling -->
	<apikit:mapping-exception-strategy
		name="onBoarding-prc-api-apiKitGlobalExceptionMapping">
		<apikit:mapping statusCode="404">
			<apikit:exception
				value="org.mule.module.apikit.exception.NotFoundException" />
			<set-property propertyName="Content-Type" value="application/json" />
			<set-payload
				value="{ &quot;message&quot;: &quot;Resource not found&quot; }" />
		</apikit:mapping>
		<apikit:mapping statusCode="405">
			<apikit:exception
				value="org.mule.module.apikit.exception.MethodNotAllowedException" />
			<set-property propertyName="Content-Type" value="application/json" />
			<set-payload
				value="{ &quot;message&quot;: &quot;Method not allowed&quot; }" />
		</apikit:mapping>
		<apikit:mapping statusCode="415">
			<apikit:exception
				value="org.mule.module.apikit.exception.UnsupportedMediaTypeException" />
			<set-property propertyName="Content-Type" value="application/json" />
			<set-payload
				value="{ &quot;message&quot;: &quot;Unsupported media type&quot; }" />
		</apikit:mapping>
		<apikit:mapping statusCode="406">
			<apikit:exception
				value="org.mule.module.apikit.exception.NotAcceptableException" />
			<set-property propertyName="Content-Type" value="application/json" />
			<set-payload value="{ &quot;message&quot;: &quot;Not acceptable&quot; }" />
		</apikit:mapping>
		<apikit:mapping statusCode="400">
			<apikit:exception
				value="org.mule.module.apikit.exception.BadRequestException" />
			<set-property propertyName="Content-Type" value="application/json" />
			<set-payload value="{ &quot;message&quot;: &quot;Bad request&quot; }" />
		</apikit:mapping>
	</apikit:mapping-exception-strategy>
</mule>
