<?xml version="1.0" encoding="UTF-8"?>

<mule xmlns:amqp="http://www.mulesoft.org/schema/mule/amqp"
	xmlns:apikit="http://www.mulesoft.org/schema/mule/apikit"
	xmlns:tls="http://www.mulesoft.org/schema/mule/tls"
	xmlns:dw="http://www.mulesoft.org/schema/mule/ee/dw"
	xmlns:encryption="http://www.mulesoft.org/schema/mule/encryption"
		xmlns:db="http://www.mulesoft.org/schema/mule/db" 
		xmlns:context="http://www.springframework.org/schema/context" 
		xmlns:ws="http://www.mulesoft.org/schema/mule/ws" 
		xmlns:http="http://www.mulesoft.org/schema/mule/http" 
		xmlns="http://www.mulesoft.org/schema/mule/core" 
		xmlns:doc="http://www.mulesoft.org/schema/mule/documentation"
		xmlns:spring="http://www.springframework.org/schema/beans" 
		xmlns:xsi="http://www.w3.org/2001/XMLSchema-instance"
		xmlns:amqps="http://www.mulesoft.org/schema/mule/amqp"
xsi:schemaLocation="http://www.mulesoft.org/schema/mule/apikit http://www.mulesoft.org/schema/mule/apikit/current/mule-apikit.xsd
http://www.mulesoft.org/schema/mule/tls http://www.mulesoft.org/schema/mule/tls/current/mule-tls.xsd
http://www.mulesoft.org/schema/mule/ee/dw http://www.mulesoft.org/schema/mule/ee/dw/current/dw.xsd
http://www.springframework.org/schema/beans http://www.springframework.org/schema/beans/spring-beans-current.xsd
http://www.mulesoft.org/schema/mule/core http://www.mulesoft.org/schema/mule/core/current/mule.xsd
http://www.mulesoft.org/schema/mule/http http://www.mulesoft.org/schema/mule/http/current/mule-http.xsd
http://www.mulesoft.org/schema/mule/ws http://www.mulesoft.org/schema/mule/ws/current/mule-ws.xsd
http://www.springframework.org/schema/context http://www.springframework.org/schema/context/spring-context-current.xsd
http://www.mulesoft.org/schema/mule/db http://www.mulesoft.org/schema/mule/db/current/mule-db.xsd
http://www.mulesoft.org/schema/mule/amqp http://www.mulesoft.org/schema/mule/amqp/current/mule-amqp.xsd
http://www.mulesoft.org/schema/mule/encryption http://www.mulesoft.org/schema/mule/encryption/current/mule-encryption.xsd">

    <context:property-placeholder location="app-${env}.properties"/>
    
    <!-- note: appName-apiLayer.raml -->
	<apikit:config name="apiConfig" raml="onBoarding-prc-api.raml" consoleEnabled="false" doc:name="Router" keepRamlBaseUri="false" />
			 
	<!-- request-config to SYSTEM API (sys-api) -->	
	<!-- IMPLEMENT https between layers -->
	<http:request-config name="myApp-sys-api" 
		protocol="HTTPS" 
		host="${myApp-sys-api.host}" 
		port="${LB.PORT}" 
		basePath="${myApp-sys-api.base_path}/api/${api.version}/" 
		responseTimeout="${myApp-sys-api.timeout}" 
		doc:name="HTTP Request Config to SYSTEM API">
		<tls:context>
			<tls:trust-store insecure="true"/>
		</tls:context>
	</http:request-config>
				    		
	<configuration doc:name="Config_globalfuctions">
		<expression-language>
			<global-functions>
				def escapeSpecialChars(inputStr) {
					return org.apache.commons.lang.StringEscapeUtils.escapeJavaScript(inputStr);
				}

	             def subString(value,start,end) {
	                 return org.apache.commons.lang3.StringUtils.substring(value,start,end);
	             }
	             
	             def stringRemove(value,strToRemove) {
	                 return org.apache.commons.lang3.StringUtils.remove(value,strToRemove);
	             }				
			</global-functions>
		</expression-language>
	</configuration>
    <configuration defaultTransactionTimeout="300000" defaultResponseTimeout="300000" doc:name="Configuration">
     <default-threading-profile poolExhaustedAction="RUN"/>
 	</configuration>
    
</mule>
