<?xml version="1.0" encoding="UTF-8"?>

<mule xmlns:tracking="http://www.mulesoft.org/schema/mule/ee/tracking" xmlns="http://www.mulesoft.org/schema/mule/core" xmlns:doc="http://www.mulesoft.org/schema/mule/documentation"
	xmlns:spring="http://www.springframework.org/schema/beans" 
	xmlns:xsi="http://www.w3.org/2001/XMLSchema-instance"
	xsi:schemaLocation="http://www.springframework.org/schema/beans http://www.springframework.org/schema/beans/spring-beans-current.xsd
http://www.mulesoft.org/schema/mule/core http://www.mulesoft.org/schema/mule/core/current/mule.xsd
http://www.mulesoft.org/schema/mule/ee/tracking http://www.mulesoft.org/schema/mule/ee/tracking/current/mule-tracking-ee.xsd">

	<flow name="invokeUpdateCustomerMainParty-Mock">
		<parse-template
			location="mock/customerCore/System_API_Onboarding-updateCustomerMainParty-response-200.json"
			doc:name="Parse Update Customer Main Party Response" />
		<set-property propertyName="http.status" value="#[200]"
			doc:name="200" />
	</flow>

	<flow name="invokeAddAddress-Mock">
		<parse-template
			location="mock/customerCore/System_API_Onboarding-addAddress-response-200.json"
			doc:name="Parse Add Address Response" />
		<set-property propertyName="http.status" value="#[200]"
			doc:name="200" />
	</flow>
	<flow name="invokeAddPerson-Mock">
		<parse-template
			location="mock/customerCore/System_API_Onboarding-addPerson-response-200.json"
			doc:name="Parse Add Person Response" />
		<set-property propertyName="http.status" value="#[200]"
			doc:name="200" />
	</flow>
	<flow name="invokeAddCustomerMainParty-Mock">
		<parse-template
			location="mock/customerCore/System_API_Onboarding-addCustomerMainParty-response-200.json"
			doc:name="Parse Add Customer Main Party Response" />
		<set-property propertyName="http.status" value="#[200]"
			doc:name="200" />
	</flow>
	<flow name="invokeIsCipVerificationCompleted-Mock">
		<parse-template
			location="mock/customerCore/System_API_Onboarding-isCipVerificationCompleted-response-200.json"
			doc:name="Parse Is CIP Verification Completed Response" />
		<set-property propertyName="http.status" value="#[200]"
			doc:name="200" />
	</flow>
	<flow name="invokeAddRelationship-Mock">
		<parse-template
			location="mock/customerCore/System_API_Onboarding-addRelationship-response-200.json"
			doc:name="Parse Add Relationship Response" />
		<set-property propertyName="http.status" value="#[200]"
			doc:name="200" />
	</flow>
	<flow name="invokeAddCustomerRelatedParty-Mock">
		<parse-template
			location="mock/customerCore/System_API_Onboarding-addCustomerRelatedParty-response-200.json"
			doc:name="Parse Add Customer Related Party Response" />
		<set-property propertyName="http.status" value="#[200]"
			doc:name="200" />
	</flow>
	<flow name="invokeIsEDDRequired-Mock">
		<parse-template
			location="mock/customerCore/System_API_Onboarding-isEDDRequired-response-200.json"
			doc:name="Parse Is EDD Required Response" />
		<set-property propertyName="http.status" value="#[200]"
			doc:name="200" />
	</flow>
	<flow name="invokeIsEDDCRequired-Mock">
		<parse-template
			location="mock/customerCore/System_API_Onboarding-isEDDCRequired-response-200.json"
			doc:name="Parse Is EDDC Required Response" />
		<set-property propertyName="http.status" value="#[200]"
			doc:name="200" />
	</flow>
	<flow name="invokeIsCipNoticeProvided-Mock">
		<parse-template
			location="mock/customerCore/System_API_Onboarding-isCipNoticeProvided-response-200.json"
			doc:name="Parse Is CIP Notice Provided Response" />
		<set-property propertyName="http.status" value="#[200]"
			doc:name="200" />
	</flow>
</mule>
