<?xml version="1.0" encoding="UTF-8"?>

<mule xmlns:http="http://www.mulesoft.org/schema/mule/http" xmlns="http://www.mulesoft.org/schema/mule/core"
	xmlns:doc="http://www.mulesoft.org/schema/mule/documentation"
	xmlns:spring="http://www.springframework.org/schema/beans" xmlns:xsi="http://www.w3.org/2001/XMLSchema-instance"
	xsi:schemaLocation="http://www.mulesoft.org/schema/mule/http http://www.mulesoft.org/schema/mule/http/current/mule-http.xsd
http://www.springframework.org/schema/beans http://www.springframework.org/schema/beans/spring-beans-current.xsd
http://www.mulesoft.org/schema/mule/core http://www.mulesoft.org/schema/mule/core/current/mule.xsd">

	<!-- Rename the file mock-,flowname -->

	<!-- <flow name="Sys-Api-mock1-Service"> <http:listener config-ref="SharedHTTPListener" 
		path="${myApp-sys-api.base_path}/api/${api.version}/customer/{wcisId}/getCustomerVerificationInfo" 
		doc:name="HTTP" /> <logger message=" wcisId is #[message.inboundProperties.'http.uri.params'.wcisId]" 
		level="INFO" doc:name="Logger" /> <logger message=" lob id is #[message.inboundProperties.'http.query.params'.lobId]" 
		level="INFO" doc:name="Logger" /> <logger message="Sys-api mock1 service 
		invoked!!" level="INFO" doc:name="Logger" /> <parse-template location="mock/System_API_Customer-GET-response-SUCCESS-200.json" 
		doc:name="Parse isCustomerTerminated Response Template" /> <set-property propertyName="http.status" 
		value="#[200]" doc:name="200" /> <set-payload value="#[payload]" doc:name="Set 
		Payload" /> </flow> -->
		
		<!-- Chnage doc name -->
	<flow name="invokeIsCustomerSuspended-Mock">
		<parse-template
			location="mock/customerVerification/System_API_Customer-isSuspended-response-SUCCESS-200.json"
			doc:name="Parse isCustomerSuspended Response Template" />
		<set-property propertyName="http.status" value="#[200]"
			doc:name="200" />
	</flow>

	<flow name="invokeIsCustomerTerminated-Mock">
		<parse-template
			location="mock/customerVerification/System_API_Customer-isTerminated-response-SUCCESS-200.json"
			doc:name="Parse isCustomerTerminated Response Template" />
		<set-property propertyName="http.status" value="#[200]"
			doc:name="200" />
	</flow>
	<flow name="invokeIsCustomerRiskExited-Mock">
		<parse-template
			location="mock/customerVerification/System_API_Customer-isRiskExited-response-SUCCESS-200.json"
			doc:name="Parse isCustomerRiskExited Response Template" />
		<set-property propertyName="http.status" value="#[200]"
			doc:name="200" />
	</flow>

	<flow name="invokeCheckVolkerFlag-Mock">
		<parse-template
			location="mock/customerVerification/System_API_Customer-checkVolkerFlag-response-SUCCESS-200.json"
			doc:name="Parse checkVolkerFlag Response Template" />
		<set-property propertyName="http.status" value="#[200]"
			doc:name="200" />
	</flow>

	<flow name="invokeGetCustomerVerificationMetaData-Mock">
		<parse-template
			location="mock/customerVerification/System_API_Customer-getCustomerVerificationMetaData-response-SUCCESS-200.json"
			doc:name="Parse GetCustomerVerificationMetaData Response Template" />
		<set-property propertyName="http.status" value="#[200]"
			doc:name="200" />
	</flow>
	<flow name="invokeIsCustomerInFlight-Mock">
		<parse-template
			location="mock/customerVerification/System_API_Customer-isCustomerInFlight-response-SUCCESS-200.json"
			doc:name="Parse IsCustomerInFlight Response Template" />
		<set-property propertyName="http.status" value="#[200]"
			doc:name="200" />
	</flow>
	<flow name="invokeisCustomerAlreadyExisting-Mock">
		<parse-template
			location="mock/customerVerification/System_API_Customer-isCustomerAlreadyExisting-response-SUCCESS-200.json"
			doc:name="Parse isCustomerAlreadyExisting Response Template" />
		<set-property propertyName="http.status" value="#[200]"
			doc:name="200" />
	</flow>
<flow name="invokeIsCustomerUnderUpdate-Mock">
		<!-- Change doc name System_API_Customer_isSuspended -->
		<parse-template
			location="mock/customerVerification/System_API_Customer-isCustomerUnderUpdate-response-SUCCESS-200.json"
			doc:name="Parse isCustomerUnderUpdate Response Template" />
		<set-property propertyName="http.status" value="#[200]"
			doc:name="200" />
	</flow>
	
	<flow name="invokeIsCustomerDLEACompleted-Mock">
		<parse-template
			location="mock/customerVerification/System_API_Customer-isDleaCompleted-response-SUCCESS-200.json"
			doc:name="Parse isCustomerDLEACompleted Response Template" />
		<set-property propertyName="http.status" value="#[200]"
			doc:name="200" />
	</flow>
</mule>
