<?xml version="1.0" encoding="UTF-8"?>
<mule xmlns:http="http://www.mulesoft.org/schema/mule/http" xmlns="http://www.mulesoft.org/schema/mule/core"
	xmlns:doc="http://www.mulesoft.org/schema/mule/documentation"
	xmlns:spring="http://www.springframework.org/schema/beans" xmlns:xsi="http://www.w3.org/2001/XMLSchema-instance"
	xsi:schemaLocation="http://www.mulesoft.org/schema/mule/http http://www.mulesoft.org/schema/mule/http/current/mule-http.xsd
http://www.springframework.org/schema/beans http://www.springframework.org/schema/beans/spring-beans-current.xsd
http://www.mulesoft.org/schema/mule/core http://www.mulesoft.org/schema/mule/core/current/mule.xsd">

	<!-- Rename the file mock-,flowname -->

	<!-- <flow name="Sys-Api-mock1-Service"> <http:listener config-ref="SharedHTTPListener" 
		path="${myApp-sys-api.base_path}/api/${api.version}/customer/{wcisId}/getcustomerRiskAttributesInfo" 
		doc:name="HTTP" /> <logger message=" wcisId is #[message.inboundProperties.'http.uri.params'.wcisId]" 
		level="INFO" doc:name="Logger" /> <logger message=" lob id is #[message.inboundProperties.'http.query.params'.lobId]" 
		level="INFO" doc:name="Logger" /> <logger message="Sys-api mock1 service 
		invoked!!" level="INFO" doc:name="Logger" /> <parse-template location="mock/System_API_CustomerRiskAttributes-GET-response-SUCCESS-201.json" 
		doc:name="Parse isCustomerTerminated Response Template" /> <set-property propertyName="http.status" 
		value="#[201]" doc:name="201" /> <set-payload value="#[payload]" doc:name="Set 
		Payload" /> </flow> -->
		
		<!-- Chnage doc name -->
	<flow name="invokeAddSarfs-Mock">
		<parse-template
			location="mock/customerRiskAttributes/System_API_CustomerRiskAttributes_addSarfs-response-SUCCESS-201.json"
			doc:name="Parse addSarfs Response Template" />
		<set-property propertyName="http.status" value="#[201]"
			doc:name="201" />
	</flow>

	<flow name="invokeAddProducts-Mock">
		<parse-template
			location="mock/customerRiskAttributes/System_API_CustomerRiskAttributes_addProducts-response-SUCCESS-201.json"
			doc:name="Parse addProducts Response Template" />
		<set-property propertyName="http.status" value="#[21]"
			doc:name="201" />
	</flow>
	<flow name="invokeAddNaicCodes-Mock">
		<parse-template
			location="mock/customerRiskAttributes/System_API_CustomerRiskAttributes_addNaicCodes-response-SUCCESS-201.json"
			doc:name="Parse addNaicCodes Response Template" />
		<set-property propertyName="http.status" value="#[201]"
			doc:name="201" />
	</flow>

	<flow name="invokeAddMarketsServed-Mock">
		<parse-template
			location="mock/customerRiskAttributes/System_API_CustomerRiskAttributes_addMarketsServed-response-SUCCESS-201.json"
			doc:name="Parse addMoarketServed Response Template" />
		<set-property propertyName="http.status" value="#[201]"
			doc:name="201" />
	</flow>

	<flow name="invokeAddPubliclyTradedInfo-Mock">
		<parse-template
			location="mock/customerRiskAttributes/System_API_CustomerRiskAttributes_addPubliclyTradedInfo-response-SUCCESS-201.json"
			doc:name="Parse addPubliclyTradedInfo Response Template" />
		<set-property propertyName="http.status" value="#[201]"
			doc:name="201" />
	</flow>
	<flow name="invokeAddBookingOfficeAndOus-Mock">
		<parse-template
			location="mock/customerRiskAttributes/System_API_CustomerRiskAttributes_addBookingOfficeAndOus-response-SUCCESS-201.json"
			doc:name="Parse addBookingOfficeAndOus- Response Template" />
		<set-property propertyName="http.status" value="#[201]"
			doc:name="201" />
	</flow>
	
</mule>
