<?xml version="1.0" encoding="UTF-8"?>

<mule xmlns:json="http://www.mulesoft.org/schema/mule/json"
	xmlns:scripting="http://www.mulesoft.org/schema/mule/scripting"
	xmlns:db="http://www.mulesoft.org/schema/mule/db" xmlns:ftplite="http://www.mulesoft.org/schema/mule/ftplite"
	xmlns:sftplite="http://www.mulesoft.org/schema/mule/sftplite"
	xmlns:metadata="http://www.mulesoft.org/schema/mule/metadata"
	xmlns:mulerequester="http://www.mulesoft.org/schema/mule/mulerequester"
	xmlns:tracking="http://www.mulesoft.org/schema/mule/ee/tracking"
	xmlns:dw="http://www.mulesoft.org/schema/mule/ee/dw" xmlns:sftp="http://www.mulesoft.org/schema/mule/sftp"
	xmlns:http="http://www.mulesoft.org/schema/mule/http" xmlns="http://www.mulesoft.org/schema/mule/core"
	xmlns:doc="http://www.mulesoft.org/schema/mule/documentation"
	xmlns:spring="http://www.springframework.org/schema/beans" xmlns:xsi="http://www.w3.org/2001/XMLSchema-instance"
	xsi:schemaLocation="http://www.mulesoft.org/schema/mule/scripting http://www.mulesoft.org/schema/mule/scripting/current/mule-scripting.xsd
http://www.springframework.org/schema/beans http://www.springframework.org/schema/beans/spring-beans-current.xsd
http://www.mulesoft.org/schema/mule/core http://www.mulesoft.org/schema/mule/core/current/mule.xsd
http://www.mulesoft.org/schema/mule/sftp http://www.mulesoft.org/schema/mule/sftp/current/mule-sftp.xsd
http://www.mulesoft.org/schema/mule/ee/dw http://www.mulesoft.org/schema/mule/ee/dw/current/dw.xsd
http://www.mulesoft.org/schema/mule/http http://www.mulesoft.org/schema/mule/http/current/mule-http.xsd
http://www.mulesoft.org/schema/mule/mulerequester http://www.mulesoft.org/schema/mule/mulerequester/current/mule-mulerequester.xsd
http://www.mulesoft.org/schema/mule/ee/tracking http://www.mulesoft.org/schema/mule/ee/tracking/current/mule-tracking-ee.xsd
http://www.mulesoft.org/schema/mule/sftplite http://www.mulesoft.org/schema/mule/sftplite/current/mule-sftplite.xsd
http://www.mulesoft.org/schema/mule/ftplite http://www.mulesoft.org/schema/mule/ftplite/current/mule-ftplite.xsd
http://www.mulesoft.org/schema/mule/db http://www.mulesoft.org/schema/mule/db/current/mule-db.xsd
http://www.mulesoft.org/schema/mule/json http://www.mulesoft.org/schema/mule/json/current/mule-json.xsd">

	<flow name="invokeIsCustomerTerminated">
		<!-- sample (GET) -->
		<logger level="INFO"
			message="invoking isCustomerTerminated, debug payload: #[payload]"
			doc:name="Debug" />
<!-- 		<until-successful maxRetries="${maxRetries}"
			millisBetweenRetries="${millisBetweenRetries}" failureExpression="#[${retrylogic}]"
			synchronous="true" ackExpression="#[message:correlationId]" doc:name="Until Successful"> -->
			<processor-chain doc:name="Processor Chain">
				<http:request config-ref="myApp-sys-api" path="/customer/#[flowVars.wcisId]/getCustomerVerificationInfo"
				method="GET" doc:name="myApp-sys-api GET Single resource">
				<http:request-builder>
					 <http:header headerName="Content-Type" value="application/json" 
						/> 
					<!-- <http:header headerName="Authorization" value="TBD"/> -->
					<http:query-param paramName="lobId" value="#[flowVars.lobId]" />
				</http:request-builder>
				<!-- <http:success-status-code-validator values="200,201,400" /> -->
			</http:request>
				<logger message="Response from the system api :\n#[payload]"
				doc:name="Logger" level="INFO" />
			<byte-array-to-string-transformer
				doc:name="Byte Array to String" />
			<json:json-to-object-transformer
				returnClass="java.util.Map" doc:name="JSON to Object" />

			<choice doc:name="Choice">
				<when expression="#[payload.is_terminated=='Y']">
					<logger
						message="Customer #[flowVars.wcisId] is Terminated ."  level="INFO" 
						doc:name="Logger" />
					<set-payload value="{&quot;status&quot;:&quot;Y&quot;}"
						doc:name="Set Payload" mimeType="application/json"/>
				</when>
				<when expression="#[payload.is_terminated=='N']">
					<logger
						message="Customer #[flowVars.wcisId] is not Terminated ."  level="INFO" 
						doc:name="Logger" />
					<set-payload value="{&quot;status&quot;:&quot;N&quot;}"
						doc:name="Set Payload" mimeType="application/json" />
				</when>
				<otherwise>
					<logger message="Invalid Response " doc:name="Logger" />
					<set-payload value="{&quot;status&quot;:&quot;X&quot;}"
						doc:name="Set Payload" mimeType="application/json" />

				</otherwise>
			</choice>
				<set-variable variableName="Service2ResponsePayload"
					value="#[payload]" doc:name="set var" />
			</processor-chain>
<!-- 		</until-successful> -->
		<set-variable variableName="gotResponse" value="#[true]"
			doc:name="boolean gotResponse" />
		<exception-strategy ref="requesters_exception_strateg_customerVerification"
			doc:name="Ref Exception Strategy" />
	</flow>

	<flow name="invokeIsCustomerSuspended">

		<!-- sample (GET) -->
		<logger level="INFO"
			message="invoking isCustomerSuspended, debug payload: #[payload]"
			doc:name="Debug" />
		<!-- <until-successful maxRetries="${maxRetries}" millisBetweenRetries="${millisBetweenRetries}" 
			failureExpression="#[${retrylogic}]" synchronous="true" ackExpression="#[message:correlationId]" 
			doc:name="Until Successful" > -->
		<processor-chain doc:name="Processor Chain">
			<http:request config-ref="myApp-sys-api" path="/customer/#[flowVars.wcisId]/getCustomerVerificationInfo"
				method="GET" doc:name="myApp-sys-api GET Single resource">
				<http:request-builder>
					 <http:header headerName="Content-Type" value="application/json" /> 
					<!-- <http:header headerName="Authorization" value="TBD"/> -->
					<http:query-param paramName="lobId" value="#[flowVars.lobId]" />
				</http:request-builder>
				<!-- <http:success-status-code-validator values="200,201,400" /> -->
			</http:request>
			<logger message="Response from the system api :\n#[payload]"
				doc:name="Logger" level="INFO" />
			<byte-array-to-string-transformer
				doc:name="Byte Array to String" />
			<json:json-to-object-transformer
				returnClass="java.util.Map" doc:name="JSON to Object" />

			<choice doc:name="Choice">
				<when expression="#[payload.is_suspended=='Y']">
					<logger
						message="Customer #[flowVars.wcisId] is Suspended "  level="INFO" 
						doc:name="Logger" />
					<set-payload value="{&quot;status&quot;:&quot;Y&quot;}"
						doc:name="Set Payload" mimeType="application/json"/>
				</when>
				<when expression="#[payload.is_suspended=='N']">
					<logger
						message="Customer #[flowVars.wcisId] is not Suspended ."  level="INFO" 
						doc:name="Logger" />
					<set-payload value="{&quot;status&quot;:&quot;N&quot;}"
						doc:name="Set Payload" mimeType="application/json" />
				</when>
				<otherwise>
					<logger message="Invalid Response " doc:name="Logger" />
					<set-payload value="{&quot;status&quot;:&quot;X&quot;}"
						doc:name="Set Payload" mimeType="application/json" />

				</otherwise>
			</choice>
			<!-- Change the name, to the servicename -->
			<set-variable variableName="Service2ResponsePayload"
				value="#[payload]" doc:name="set var" />
		</processor-chain>
		<!-- </until-successful> -->
		<set-variable variableName="gotResponse" value="#[true]"
			doc:name="boolean gotResponse" />
		<exception-strategy ref="requesters_exception_strateg_customerVerification"
			doc:name="Ref Exception Strategy" />
	</flow>

	<flow name="invokeIsCustomerRiskExited">
		<!-- sample (GET) -->
		<logger level="INFO"
			message="invoking isCustomerRiskExited, debug payload: #[payload]"
			doc:name="Debug" />
		<!-- <until-successful maxRetries="${maxRetries}" millisBetweenRetries="${millisBetweenRetries}" 
			failureExpression="#[${retrylogic}]" synchronous="true" ackExpression="#[message:correlationId]" 
			doc:name="Until Successful" > -->
		<processor-chain doc:name="Processor Chain">
			<http:request config-ref="myApp-sys-api" path="/customer/#[flowVars.wcisId]/getCustomerVerificationInfo"
				method="GET" doc:name="myApp-sys-api GET Single resource">
				<http:request-builder>
					 <http:header headerName="Content-Type" value="application/json" 
						/> 
					<!-- <http:header headerName="Authorization" value="TBD"/> -->
					<http:query-param paramName="lobId" value="#[flowVars.lobId]" />
				</http:request-builder>
				<!-- <http:success-status-code-validator values="200,201,400" /> -->
			</http:request>
			<logger message="Response from the system api :\n#[payload]"
				doc:name="Logger" level="INFO" />
			<byte-array-to-string-transformer
				doc:name="Byte Array to String" />
			<json:json-to-object-transformer
				returnClass="java.util.Map" doc:name="JSON to Object" />

			<choice doc:name="Choice">
				<when expression="#[payload.is_riskexit=='Y']">
					<logger
						message="Customer #[flowVars.wcisId] is RiskExited ."  level="INFO" 
						doc:name="Logger" />
					<set-payload value="{&quot;status&quot;:&quot;Y&quot;}"
						doc:name="Set Payload" mimeType="application/json"/>
				</when>
				<when expression="#[payload.is_riskexit=='N']">
					<logger
						message="Customer #[flowVars.wcisId] is not RiskExited ."  level="INFO" 
						doc:name="Logger" />
					<set-payload value="{&quot;status&quot;:&quot;N&quot;}"
						doc:name="Set Payload" mimeType="application/json" />
				</when>
				<otherwise>
					<logger message="Invalid Response " doc:name="Logger" />
					<set-payload value="{&quot;status&quot;:&quot;X&quot;}"
						doc:name="Set Payload" mimeType="application/json" />

				</otherwise>
			</choice>
			<set-variable variableName="Service2ResponsePayload"
				value="#[payload]" doc:name="set var" />
		</processor-chain>
		<!-- </until-successful> -->
		<set-variable variableName="gotResponse" value="#[true]"
			doc:name="boolean gotResponse" />
		<exception-strategy ref="requesters_exception_strateg_customerVerification"
			doc:name="Ref Exception Strategy" />
	</flow>





	<!-- exception strategy for requesters: handles retries -->
	<choice-exception-strategy name="requesters_exception_strateg_customerVerification">
		<catch-exception-strategy
			when="exception.causedBy(java.util.concurrent.TimeoutException)"
			doc:name="Catch Exception Strategy">
			<!-- <logger level="INFO" message="caught an exception thrown by until-successful: 
				java.util.concurrent.TimeoutException" doc:name="Debug"/> -->
			<logger
				message="Number of PING attempts exhausted: java.util.concurrent.TimeoutException"
				level="INFO" doc:name="Logger payload" />
		</catch-exception-strategy>
		<catch-exception-strategy
			when="exception.causedBy(java.net.ConnectException)" doc:name="Catch Exception Strategy">
			<!-- <logger level="INFO" message="caught an exception thrown by until-successful: 
				java.net.ConnectException" doc:name="Debug"/> -->
			<logger
				message="Number of PING attempts exhausted: java.net.ConnectException"
				level="INFO" doc:name="Logger payload" />
		</catch-exception-strategy>
		<catch-exception-strategy
			when="exception.causedBy(java.net.SocketTimeoutException)" doc:name="Catch Exception Strategy">
			<!-- <logger level="INFO" message="caught an exception thrown by until-successful: 
				java.net.SocketTimeoutException" doc:name="Debug"/> -->
			<logger
				message="Number of PING attempts exhausted: java.net.SocketTimeoutException"
				level="INFO" doc:name="Logger payload" />
		</catch-exception-strategy>
		<catch-exception-strategy
			when="exception.causedBy(java.net.SocketException)" doc:name="Catch Exception Strategy">
			<!-- <logger level="INFO" message="caught an exception thrown by until-successful: 
				java.net.SocketException" doc:name="Debug"/> -->
			<logger message="Number of PING attempts exhausted: java.net.SocketException"
				level="INFO" doc:name="Logger payload" />
		</catch-exception-strategy>
		<catch-exception-strategy
			when="exception.causedBy(java.net.UnknownHostException)" doc:name="Catch Exception Strategy">
			<!-- <logger level="INFO" message="caught an exception thrown by until-successful: 
				java.net.UnknownHostException" doc:name="Debug"/> -->
			<logger
				message="Number of PING attempts exhausted: java.net.UnknownHostException"
				level="INFO" doc:name="Logger payload" />
		</catch-exception-strategy>
		<catch-exception-strategy
			when="exception.causedBy(org.mule.api.ConnectionException)" doc:name="Catch Exception Strategy">
			<!-- <logger level="INFO" message="caught an exception thrown by until-successful: 
				org.mule.api.ConnectionException" doc:name="Debug"/> -->
			<logger
				message="Number of PING attempts exhausted: org.mule.api.ConnectionException"
				level="INFO" doc:name="Logger payload" />
		</catch-exception-strategy>
	</choice-exception-strategy>
</mule>
