<?xml version="1.0" encoding="UTF-8"?>

<mule xmlns:mulexml="http://www.mulesoft.org/schema/mule/xml"
	xmlns:json="http://www.mulesoft.org/schema/mule/json" xmlns:tracking="http://www.mulesoft.org/schema/mule/ee/tracking"
	xmlns:metadata="http://www.mulesoft.org/schema/mule/metadata" xmlns:db="http://www.mulesoft.org/schema/mule/db"
	xmlns:http="http://www.mulesoft.org/schema/mule/http" xmlns:dw="http://www.mulesoft.org/schema/mule/ee/dw"
	xmlns="http://www.mulesoft.org/schema/mule/core" xmlns:doc="http://www.mulesoft.org/schema/mule/documentation"
	xmlns:spring="http://www.springframework.org/schema/beans" xmlns:xsi="http://www.w3.org/2001/XMLSchema-instance"
	xsi:schemaLocation="http://www.mulesoft.org/schema/mule/json http://www.mulesoft.org/schema/mule/json/current/mule-json.xsd
http://www.springframework.org/schema/beans http://www.springframework.org/schema/beans/spring-beans-current.xsd
http://www.mulesoft.org/schema/mule/db http://www.mulesoft.org/schema/mule/db/current/mule-db.xsd
http://www.mulesoft.org/schema/mule/http http://www.mulesoft.org/schema/mule/http/current/mule-http.xsd
http://www.mulesoft.org/schema/mule/ee/tracking http://www.mulesoft.org/schema/mule/ee/tracking/current/mule-tracking-ee.xsd
http://www.mulesoft.org/schema/mule/ee/dw http://www.mulesoft.org/schema/mule/ee/dw/current/dw.xsd
http://www.mulesoft.org/schema/mule/core http://www.mulesoft.org/schema/mule/core/current/mule.xsd
http://www.mulesoft.org/schema/mule/xml http://www.mulesoft.org/schema/mule/xml/current/mule-xml.xsd">

<!-- workers: implement here every orchestration logic between the api stubs (api.xml) and the request-implementations (request-impl.xml) -->
  
  	<flow name="initiateDlea" >
  		<logger message="Invoking initiateDlea service " level="INFO" doc:name="Logger"/>
  		<!-- do payload transformations here -->
  		<flow-ref name="invokeInitiateDlea-Mock" doc:name="Flow Reference"/>
  		<set-variable variableName="methodName" value="#[mule:context.serviceName]"
			doc:name="Variable" />
		<custom-processor class="com.wellsfargo.utils.StringUtils"
			doc:name="Escape Carriage returns" />
		<json:json-to-object-transformer
			returnClass="java.util.Map" mimeType="application/java" doc:name="JSON to Object" />
		<logger message="Response from the sys-api #[payload]"
			doc:name="Logger" level="WARN" />
		<dw:transform-message doc:name="Build Process Response">
			<dw:set-payload><![CDATA[%dw 1.0
			%output application/json
			---
			{
			  "Response":{
			    "appName": "CustomerDlea",
			    "api-layer": "process-api",
			    "api-method": flowVars.methodName,
			    "status": payload.Response.status,
			    "payload": payload.Response.payload
			  }
			}
		]]></dw:set-payload>
		</dw:transform-message>
  	</flow>
  	<flow name="addDueDiligence" >
  		<logger message="Invoking AddDueDiligence services" level="INFO" doc:name="Logger"/>
  		<!-- do payload transformations here -->
  		<flow-ref name="invokeAddDueDiligence-Mock" doc:name="Flow Reference"/>
  		<set-variable variableName="methodName" value="#[mule:context.serviceName]"
			doc:name="Variable" />
		<custom-processor class="com.wellsfargo.utils.StringUtils"
			doc:name="Escape Carriage returns" />
		<json:json-to-object-transformer
			returnClass="java.util.Map" mimeType="application/java" doc:name="JSON to Object" />
		<logger message="Response from the sys-api #[payload]"
			doc:name="Logger" level="WARN" />
		<dw:transform-message doc:name="Build Process Response">
			<dw:set-payload><![CDATA[%dw 1.0
			%output application/json
			---
			{
			  "Response":{
			    "appName": "CustomerDlea",
			    "api-layer": "process-api",
			    "api-method": flowVars.methodName,
			    "status": payload.Response.status,
			    "payload": payload.Response.payload
			  }
			}
		]]></dw:set-payload>
		</dw:transform-message>
  	</flow>
 	
  	
</mule>
