<?xml version="1.0" encoding="UTF-8"?>

<mule xmlns:mulexml="http://www.mulesoft.org/schema/mule/xml"
	xmlns:json="http://www.mulesoft.org/schema/mule/json" xmlns:tracking="http://www.mulesoft.org/schema/mule/ee/tracking"
	xmlns:metadata="http://www.mulesoft.org/schema/mule/metadata" xmlns:db="http://www.mulesoft.org/schema/mule/db"
	xmlns:http="http://www.mulesoft.org/schema/mule/http" xmlns:dw="http://www.mulesoft.org/schema/mule/ee/dw"
	xmlns="http://www.mulesoft.org/schema/mule/core" xmlns:doc="http://www.mulesoft.org/schema/mule/documentation"
	xmlns:spring="http://www.springframework.org/schema/beans" xmlns:xsi="http://www.w3.org/2001/XMLSchema-instance"
	xsi:schemaLocation="http://www.mulesoft.org/schema/mule/json http://www.mulesoft.org/schema/mule/json/current/mule-json.xsd
http://www.springframework.org/schema/beans http://www.springframework.org/schema/beans/spring-beans-current.xsd
http://www.mulesoft.org/schema/mule/db http://www.mulesoft.org/schema/mule/db/current/mule-db.xsd
http://www.mulesoft.org/schema/mule/http http://www.mulesoft.org/schema/mule/http/current/mule-http.xsd
http://www.mulesoft.org/schema/mule/ee/tracking http://www.mulesoft.org/schema/mule/ee/tracking/current/mule-tracking-ee.xsd
http://www.mulesoft.org/schema/mule/ee/dw http://www.mulesoft.org/schema/mule/ee/dw/current/dw.xsd
http://www.mulesoft.org/schema/mule/core http://www.mulesoft.org/schema/mule/core/current/mule.xsd
http://www.mulesoft.org/schema/mule/xml http://www.mulesoft.org/schema/mule/xml/current/mule-xml.xsd">

<!-- workers: implement here every orchestration logic between the api stubs (api.xml) and the request-implementations (request-impl.xml) -->
  
  	<flow name="updateCustomerMainParty" >
  		<logger message="Invoking updateCustomerMainParty service " level="INFO" doc:name="Logger"/>
  		<!-- do payload transformations here -->
  		<flow-ref name="invokeUpdateCustomerMainParty-Mock" doc:name="Flow Reference"/>
  		<set-variable variableName="methodName" value="#[mule:context.serviceName]"
			doc:name="Variable" />
		<custom-processor class="com.wellsfargo.utils.StringUtils"
			doc:name="Escape Carriage returns" />
		<json:json-to-object-transformer
			returnClass="java.util.Map" mimeType="application/java" doc:name="JSON to Object" />
		<logger message="Response from the sys-api #[payload]"
			doc:name="Logger" level="WARN" />
		<dw:transform-message doc:name="Build Process Response">
			<dw:set-payload><![CDATA[%dw 1.0
			%output application/json
			---
			{
			  "Response":{
			    "appName": "CustomerOnboarding",
			    "api-layer": "process-api",
			    "api-method": flowVars.methodName,
			    "payload": payload.Response.payload
			  }
			}
		]]></dw:set-payload>
		</dw:transform-message>
  	</flow>
  	<flow name="addAddress" >
  		<logger message="Invoking addAddress services" level="INFO" doc:name="Logger"/>
  		<!-- do payload transformations here -->
  		<flow-ref name="invokeAddAddress-Mock" doc:name="Flow Reference"/>
  		<set-variable variableName="methodName" value="#[mule:context.serviceName]"
			doc:name="Variable" />
		<custom-processor class="com.wellsfargo.utils.StringUtils"
			doc:name="Escape Carriage returns" />
		<json:json-to-object-transformer
			returnClass="java.util.Map" mimeType="application/java" doc:name="JSON to Object" />
		<logger message="Response from the sys-api #[payload]"
			doc:name="Logger" level="WARN" />
		<dw:transform-message doc:name="Build Process Response">
			<dw:set-payload><![CDATA[%dw 1.0
			%output application/json
			---
			{
			  "Response":{
			    "appName": "CustomerOnboarding",
			    "api-layer": "process-api",
			    "api-method": flowVars.methodName,
			    "payload": payload.Response.payload
			  }
			}
		]]></dw:set-payload>
		</dw:transform-message>
  	</flow>
   	<flow name="addPerson" >
  		<logger message="Invoking addPerson" level="INFO" doc:name="Logger"/>
  		<!-- do payload transformations here -->
  		<flow-ref name="invokeAddPerson-Mock" doc:name="Flow Reference"/>
  		<set-variable variableName="methodName" value="#[mule:context.serviceName]"
			doc:name="Variable" />
		<custom-processor class="com.wellsfargo.utils.StringUtils"
			doc:name="Escape Carriage returns" />
		<json:json-to-object-transformer
			returnClass="java.util.Map" mimeType="application/java" doc:name="JSON to Object" />
		<logger message="Response from the sys-api #[payload]"
			doc:name="Logger" level="WARN" />
		<dw:transform-message doc:name="Build Process Response">
			<dw:set-payload><![CDATA[%dw 1.0
			%output application/json
			---
			{
			  "Response":{
			    "appName": "CustomerOnboarding",
			    "api-layer": "process-api",
			    "api-method": flowVars.methodName,
			    "payload": payload.Response.payload
			  }
			}
		]]></dw:set-payload>
		</dw:transform-message>
  	</flow> 	
  	<flow name="addCustomerMainParty" >
  		<logger message="Invoking addCustomerMainParty" level="INFO" doc:name="Logger"/>
  		<!-- do payload transformations here -->
  		<flow-ref name="invokeAddCustomerMainParty-Mock" doc:name="Flow Reference"/>
  		<set-variable variableName="methodName" value="#[mule:context.serviceName]"
			doc:name="Variable" />
		<custom-processor class="com.wellsfargo.utils.StringUtils"
			doc:name="Escape Carriage returns" />
		<json:json-to-object-transformer
			returnClass="java.util.Map" mimeType="application/java" doc:name="JSON to Object" />
		<logger message="Response from the sys-api #[payload]"
			doc:name="Logger" level="WARN" />
		<dw:transform-message doc:name="Build Process Response">
			<dw:set-payload><![CDATA[%dw 1.0
			%output application/json
			---
			{
			  "Response":{
			    "appName": "CustomerOnboarding",
			    "api-layer": "process-api",
			    "api-method": flowVars.methodName,
			    "payload": payload.Response.payload
			  }
			}
		]]></dw:set-payload>
		</dw:transform-message>
  	</flow>
  	<flow name="isCipVerificationCompleted" >
  		<logger message="Invoking isCipVerificationCompleted" level="INFO" doc:name="Logger"/>
  		<!-- do payload transformations here -->
  		<flow-ref name="invokeIsCipVerificationCompleted-Mock" doc:name="Flow Reference"/>
  		<set-variable variableName="methodName" value="#[mule:context.serviceName]"
			doc:name="Variable" />
		<custom-processor class="com.wellsfargo.utils.StringUtils"
			doc:name="Escape Carriage returns" />
		<json:json-to-object-transformer
			returnClass="java.util.Map" mimeType="application/java" doc:name="JSON to Object" />
		<logger message="Response from the sys-api #[payload]"
			doc:name="Logger" level="WARN" />
		<dw:transform-message doc:name="Build Process Response">
			<dw:set-payload><![CDATA[%dw 1.0
			%output application/json
			---
			{
			  "Response":{
			    "appName": "CustomerOnboarding",
			    "api-layer": "process-api",
			    "api-method": flowVars.methodName,
			    "payload": payload.Response.payload
			  }
			}
		]]></dw:set-payload>
		</dw:transform-message>
  	</flow> 
  	<flow name="addRelationship" >
  		<logger message="Invoking addRelationship" level="INFO" doc:name="Logger"/>
  		<!-- do payload transformations here -->
  		<flow-ref name="invokeAddRelationship-Mock" doc:name="Flow Reference"/>
  		<set-variable variableName="methodName" value="#[mule:context.serviceName]"
			doc:name="Variable" />
		<custom-processor class="com.wellsfargo.utils.StringUtils"
			doc:name="Escape Carriage returns" />
		<json:json-to-object-transformer
			returnClass="java.util.Map" mimeType="application/java" doc:name="JSON to Object" />
		<logger message="Response from the sys-api #[payload]"
			doc:name="Logger" level="WARN" />
		<dw:transform-message doc:name="Build Process Response">
			<dw:set-payload><![CDATA[%dw 1.0
			%output application/json
			---
			{
			  "Response":{
			    "appName": "CustomerOnboarding",
			    "api-layer": "process-api",
			    "api-method": flowVars.methodName,
			    "payload": payload.Response.payload
			  }
			}
		]]></dw:set-payload>
		</dw:transform-message>
  	</flow> 
  	<flow name="addCustomerRelatedParty" >
  		<logger message="Invoking addCustomerRelatedParty service" level="INFO" doc:name="Logger"/>
  		<!-- do payload transformations here -->
  		<flow-ref name="invokeAddCustomerRelatedParty-Mock" doc:name="Flow Reference"/>
  		<set-variable variableName="methodName" value="#[mule:context.serviceName]"
			doc:name="Variable" />
		<custom-processor class="com.wellsfargo.utils.StringUtils"
			doc:name="Escape Carriage returns" />
		<json:json-to-object-transformer
			returnClass="java.util.Map" mimeType="application/java" doc:name="JSON to Object" />
		<logger message="Response from the sys-api #[payload]"
			doc:name="Logger" level="WARN" />
		<dw:transform-message doc:name="Build Process Response">
			<dw:set-payload><![CDATA[%dw 1.0
			%output application/json
			---
			{
			  "Response":{
			    "appName": "CustomerOnboarding",
			    "api-layer": "process-api",
			    "api-method": flowVars.methodName,
			    "payload": payload.Response.payload
			  }
			}
		]]></dw:set-payload>
		</dw:transform-message>
  	</flow> 
  	<flow name="isEDDRequired" >
  		<logger message="Invoking isEDDRequired service " level="INFO" doc:name="Logger"/>
  		<!-- do payload transformations here -->
  		<flow-ref name="invokeIsEDDRequired-Mock" doc:name="Flow Reference"/>
  		<set-variable variableName="methodName" value="#[mule:context.serviceName]"
			doc:name="Variable" />
		<custom-processor class="com.wellsfargo.utils.StringUtils"
			doc:name="Escape Carriage returns" />
		<json:json-to-object-transformer
			returnClass="java.util.Map" mimeType="application/java" doc:name="JSON to Object" />
		<logger message="Response from the sys-api #[payload]"
			doc:name="Logger" level="WARN" />
		<dw:transform-message doc:name="Build Process Response">
			<dw:set-payload><![CDATA[%dw 1.0
			%output application/json
			---
			{
			  "Response":{
			    "appName": "CustomerOnboarding",
			    "api-layer": "process-api",
			    "api-method": flowVars.methodName,
			    "payload": payload.Response.payload
			  }
			}
		]]></dw:set-payload>
		</dw:transform-message>
  	</flow>
  	<flow name="isEDDCRequired" >
  		<logger message="Invoking isEDDCRequired service" level="INFO" doc:name="Logger"/>
  		<!-- do payload transformations here -->
  		<flow-ref name="invokeIsEDDCRequired-Mock" doc:name="Flow Reference"/>
  		<set-variable variableName="methodName" value="#[mule:context.serviceName]"
			doc:name="Variable" />
		<custom-processor class="com.wellsfargo.utils.StringUtils"
			doc:name="Escape Carriage returns" />
		<json:json-to-object-transformer
			returnClass="java.util.Map" mimeType="application/java" doc:name="JSON to Object" />
		<logger message="Response from the sys-api #[payload]"
			doc:name="Logger" level="WARN" />
		<dw:transform-message doc:name="Build Process Response">
			<dw:set-payload><![CDATA[%dw 1.0
			%output application/json
			---
			{
			  "Response":{
			    "appName": "CustomerOnboarding",
			    "api-layer": "process-api",
			    "api-method": flowVars.methodName,
			    "payload": payload.Response.payload
			  }
			}
		]]></dw:set-payload>
		</dw:transform-message>
  	</flow>
  	<flow name="isCipNoticeProvided" >
  		<logger message="Invoking isCipNoticeProvided service" level="INFO" doc:name="Logger"/>
  		<!-- do payload transformations here -->
  		<flow-ref name="invokeIsCipNoticeProvided-Mock" doc:name="Flow Reference"/>
  		<set-variable variableName="methodName" value="#[mule:context.serviceName]"
			doc:name="Variable" />
		<custom-processor class="com.wellsfargo.utils.StringUtils"
			doc:name="Escape Carriage returns" />
		<json:json-to-object-transformer
			returnClass="java.util.Map" mimeType="application/java" doc:name="JSON to Object" />
		<logger message="Response from the sys-api #[payload]"
			doc:name="Logger" level="WARN" />
		<dw:transform-message doc:name="Build Process Response">
			<dw:set-payload><![CDATA[%dw 1.0
			%output application/json
			---
			{
			  "Response":{
			    "appName": "CustomerOnboarding",
			    "api-layer": "process-api",
			    "api-method": flowVars.methodName,
			    "payload": payload.Response.payload
			  }
			}
		]]></dw:set-payload>
		</dw:transform-message>
  	</flow> 	
  	
</mule>
