<?xml version="1.0" encoding="UTF-8"?>

<mule xmlns:mulexml="http://www.mulesoft.org/schema/mule/xml"
	xmlns:json="http://www.mulesoft.org/schema/mule/json" xmlns:tracking="http://www.mulesoft.org/schema/mule/ee/tracking"
	xmlns:metadata="http://www.mulesoft.org/schema/mule/metadata" xmlns:db="http://www.mulesoft.org/schema/mule/db"
	xmlns:http="http://www.mulesoft.org/schema/mule/http" xmlns:dw="http://www.mulesoft.org/schema/mule/ee/dw"
	xmlns="http://www.mulesoft.org/schema/mule/core" xmlns:doc="http://www.mulesoft.org/schema/mule/documentation"
	xmlns:spring="http://www.springframework.org/schema/beans" xmlns:xsi="http://www.w3.org/2001/XMLSchema-instance"
	xsi:schemaLocation="http://www.mulesoft.org/schema/mule/json http://www.mulesoft.org/schema/mule/json/current/mule-json.xsd
http://www.springframework.org/schema/beans http://www.springframework.org/schema/beans/spring-beans-current.xsd
http://www.mulesoft.org/schema/mule/db http://www.mulesoft.org/schema/mule/db/current/mule-db.xsd
http://www.mulesoft.org/schema/mule/http http://www.mulesoft.org/schema/mule/http/current/mule-http.xsd
http://www.mulesoft.org/schema/mule/ee/tracking http://www.mulesoft.org/schema/mule/ee/tracking/current/mule-tracking-ee.xsd
http://www.mulesoft.org/schema/mule/ee/dw http://www.mulesoft.org/schema/mule/ee/dw/current/dw.xsd
http://www.mulesoft.org/schema/mule/core http://www.mulesoft.org/schema/mule/core/current/mule.xsd
http://www.mulesoft.org/schema/mule/xml http://www.mulesoft.org/schema/mule/xml/current/mule-xml.xsd">

	<!-- workers: implement here every orchestration logic between the api stubs 
		(api.xml) and the request-implementations (request-impl.xml) -->



	<flow name="isCustomerSuspended">
		<logger message="Invoking isCustomerSuspended" level="INFO"
			doc:name="Logger" />
		<!-- do payload transformations here -->
		<!-- <flow-ref name="invokeIsCustomerSuspended" doc:name="Flow Reference"/> -->
		<flow-ref name="invokeIsCustomerSuspended-Mock" doc:name="Flow Reference" />
		<set-variable variableName="methodName" value="#[mule:context.serviceName]"
			doc:name="Variable" />
		<custom-processor class="com.wellsfargo.utils.StringUtils"
			doc:name="Escape Carriage returns" />
		<json:json-to-object-transformer
			returnClass="java.util.Map" mimeType="application/java" doc:name="JSON to Object" />
		<logger message="Response from the sys-api #[payload]"
			doc:name="Logger" level="WARN" />
		<dw:transform-message doc:name="Build Process Response">
			<dw:set-payload><![CDATA[%dw 1.0
			%output application/json
			---
			{
			  "Response":{
			    "appName": "CustomerVerification",
			    "api-layer": "process-api",
			    "api-method": flowVars.methodName,
			    "status":payload.Response.status,
		     	"payload": payload.Response.payload 
			}
						}
		]]></dw:set-payload>
		</dw:transform-message>
	</flow>
	<flow name="isCustomerTerminated">
		<logger message="Invoking isCustomerTerminated" level="INFO"
			doc:name="Logger" />
		<!-- do payload transformations here -->
		<!-- <flow-ref name="invokeIsCustomerTerminated" doc:name="Flow Reference"/> -->
		<flow-ref name="invokeIsCustomerTerminated-Mock" doc:name="Flow Reference" />
		<set-variable variableName="methodName" value="#[mule:context.serviceName]"
			doc:name="Variable" />
		<custom-processor class="com.wellsfargo.utils.StringUtils"
			doc:name="Escape Carriage returns" />
		<json:json-to-object-transformer
			returnClass="java.util.Map" mimeType="application/java" doc:name="JSON to Object" />
		<logger message="Response from the sys-api #[payload]"
			doc:name="Logger" level="WARN" />
		<dw:transform-message doc:name="Build Process Response">
			<dw:set-payload><![CDATA[%dw 1.0
			%output application/json
			---
			{
			  "Response":{
			    "appName": "CustomerVerification",
			    "api-layer": "process-api",
			    "api-method": flowVars.methodName,
			    "status":payload.Response.status,
			    "payload": payload.Response.payload
			  }
			}
		]]></dw:set-payload>
		</dw:transform-message>
	</flow>
	<flow name="isCustomerRiskExited">
		<logger message="Invoking isCustomerTerminated" level="INFO"
			doc:name="Logger" />
		<!-- do payload transformations here -->
		<flow-ref name="invokeIsCustomerRiskExited-Mock" doc:name="Flow Reference" />
		<set-variable variableName="methodName" value="#[mule:context.serviceName]"
			doc:name="Variable" />
		<custom-processor class="com.wellsfargo.utils.StringUtils"
			doc:name="Escape Carriage returns" />
		<json:json-to-object-transformer
			returnClass="java.util.Map" mimeType="application/java" doc:name="JSON to Object" />
		<logger message="Response from the sys-api #[payload]"
			doc:name="Logger" level="WARN" />
		<dw:transform-message doc:name="Build Process Response">
			<dw:set-payload><![CDATA[%dw 1.0
			%output application/json
			---
			{
			  "Response":{
			    "appName": "CustomerVerification",
			    "api-layer": "process-api",
			    "api-method": flowVars.methodName,
			    "status":payload.Response.status,
			    "payload": payload.Response.payload
			  }
			}
		]]></dw:set-payload>
		</dw:transform-message>
	</flow>
	<flow name="isCustomerDleaCompleted">
		<logger message="Invoking  #[mule:context.serviceName]" level="INFO"
			doc:name="Logger" />
		<!-- do payload transformations here -->
		<flow-ref name="invokeIsCustomerDLEACompleted-Mock" doc:name="Flow Reference" />
		<set-variable variableName="methodName" value="#[mule:context.serviceName]"
			doc:name="Variable" />
		<custom-processor class="com.wellsfargo.utils.StringUtils"
			doc:name="Escape Carriage returns" />
		<json:json-to-object-transformer
			returnClass="java.util.Map" mimeType="application/java" doc:name="JSON to Object" />
		<logger message="Response from the sys-api #[payload]"
			doc:name="Logger" level="WARN" />
		<dw:transform-message doc:name="Build Process Response">
			<dw:set-payload><![CDATA[%dw 1.0
			%output application/json
			---
			{
			  "Response":{
			    "appName": "CustomerVerification",
			    "api-layer": "process-api",
			    "api-method": flowVars.methodName,
			    "status":payload.Response.status,
			    "payload": payload.Response.payload
			  }
			}
		]]></dw:set-payload>
		</dw:transform-message>
	</flow>
	<flow name="isCustomerDleaAlreadyExists">
		<logger message="Invoking  #[mule:context.serviceName]" level="INFO"
			doc:name="Logger" />
		<!-- do payload transformations here -->
		<flow-ref name="invokeisCustomerAlreadyExisting-Mock" doc:name="Flow Reference" />
		<set-variable variableName="methodName" value="#[mule:context.serviceName]"
			doc:name="Variable" />
		<custom-processor class="com.wellsfargo.utils.StringUtils"
			doc:name="Escape Carriage returns" />
		<json:json-to-object-transformer
			returnClass="java.util.Map" mimeType="application/java" doc:name="JSON to Object" />
		<logger message="Response from the sys-api #[payload]"
			doc:name="Logger" level="WARN" />
		<dw:transform-message doc:name="Build Process Response">
			<dw:set-payload><![CDATA[%dw 1.0
			%output application/json
			---
			{
			  "Response":{
			    "appName": "CustomerVerification",
			    "api-layer": "process-api",
			    "api-method": flowVars.methodName,
			    "status":payload.Response.status,
			    "payload": payload.Response.payload
			  }
			}
		]]></dw:set-payload>
		</dw:transform-message>
	</flow>
	<flow name="isCustomerUnderUpdate">
		<logger message="Invoking  #[mule:context.serviceName]" level="INFO"
			doc:name="Logger" />
		<!-- do payload transformations here -->
		<flow-ref name="invokeIsCustomerUnderUpdate-Mock" doc:name="Flow Reference" />
		<set-variable variableName="methodName" value="#[mule:context.serviceName]"
			doc:name="Variable" />
		<custom-processor class="com.wellsfargo.utils.StringUtils"
			doc:name="Escape Carriage returns" />
		<json:json-to-object-transformer
			returnClass="java.util.Map" mimeType="application/java" doc:name="JSON to Object" />
		<logger message="Response from the sys-api #[payload]"
			doc:name="Logger" level="WARN" />
		<dw:transform-message doc:name="Build Process Response">
			<dw:set-payload><![CDATA[%dw 1.0
			%output application/json
			---
			{
			  "Response":{
			    "appName": "CustomerVerification",
			    "api-layer": "process-api",
			    "api-method": flowVars.methodName,
			    "status":payload.Response.status,
			    "payload": payload.Response.payload
			  }
			}
		]]></dw:set-payload>
		</dw:transform-message>
	</flow>
	<flow name="isCustomerInFlight">
		<logger message="Invoking  #[mule:context.serviceName]" level="INFO"
			doc:name="Logger" />
		<!-- do payload transformations here -->
		<flow-ref name="invokeIsCustomerInFlight-Mock" doc:name="Flow Reference" />
		<set-variable variableName="methodName" value="#[mule:context.serviceName]"
			doc:name="Variable" />
		<custom-processor class="com.wellsfargo.utils.StringUtils"
			doc:name="Escape Carriage returns" />
		<json:json-to-object-transformer
			returnClass="java.util.Map" mimeType="application/java" doc:name="JSON to Object" />
		<logger message="Response from the sys-api #[payload]"
			doc:name="Logger" level="WARN" />
		<dw:transform-message doc:name="Build Process Response">
			<dw:set-payload><![CDATA[%dw 1.0
			%output application/json
			---
			{
			  "Response":{
			    "appName": "CustomerVerification",
			    "api-layer": "process-api",
			    "api-method": flowVars.methodName,
			    "status":payload.Response.status,
			    "payload": payload.Response.payload
			  }
			}
		]]></dw:set-payload>
		</dw:transform-message>
	</flow>
	<flow name="getCustomerVerificationMetaData">
		<logger message="Invoking  #[mule:context.serviceName]" level="INFO"
			doc:name="Logger" />
		<!-- do payload transformations here -->
		<flow-ref name="invokeGetCustomerVerificationMetaData-Mock"
			doc:name="Flow Reference" />
		<set-variable variableName="methodName" value="#[mule:context.serviceName]"
			doc:name="Variable" />
		<custom-processor class="com.wellsfargo.utils.StringUtils"
			doc:name="Escape Carriage returns" />
		<json:json-to-object-transformer
			returnClass="java.util.Map" mimeType="application/java" doc:name="JSON to Object" />
		<logger message="Response from the sys-api #[payload]"
			doc:name="Logger" level="WARN" />
		<dw:transform-message doc:name="Build Process Response">
			<dw:set-payload><![CDATA[%dw 1.0
			%output application/json
			---
			{
			  "Response":{
			    "appName": "CustomerVerification",
			    "api-layer": "process-api",
			    "api-method": flowVars.methodName,
			    "status":payload.Response.status,
			    "payload": payload.Response.payload
			  }
			}
		]]></dw:set-payload>
		</dw:transform-message>
	</flow>
	<flow name="checkVolkerFlag">
		<logger message="Invoking  #[mule:context.serviceName]" level="INFO"
			doc:name="Logger" />
		<!-- do payload transformations here -->
		<flow-ref name="invokeCheckVolkerFlag-Mock" doc:name="Flow Reference" />
		<set-variable variableName="methodName" value="#[mule:context.serviceName]"
			doc:name="Variable" />
		<custom-processor class="com.wellsfargo.utils.StringUtils"
			doc:name="Escape Carriage returns" />
		<json:json-to-object-transformer
			returnClass="java.util.Map" mimeType="application/java" doc:name="JSON to Object" />
		<logger message="Response from the sys-api #[payload]"
			doc:name="Logger" level="WARN" />
		<dw:transform-message doc:name="Build Process Response">
			<dw:set-payload><![CDATA[%dw 1.0
			%output application/json
			---
			{
			  "Response":{
			    "appName": "CustomerVerification",
			    "api-layer": "process-api",
			    "api-method": flowVars.methodName,
			    "status":payload.Response.status,
			    "payload": payload.Response.payload
			  }
			}
		]]></dw:set-payload>
		</dw:transform-message>
	</flow>

	<flow name="determineCustomerType">
		<logger message="Invoking  #[mule:context.serviceName]" level="INFO"
			doc:name="Logger" />
		<!-- do payload transformations here -->
		<set-variable variableName="methodName" value="#[mule:context.serviceName]"
			doc:name="Variable" />
	<logger message="Legal type is #[message.inboundProperties.'http.query.params'.legalType]" level="DEBUG" doc:name="Logger"/>
        <set-variable variableName="legalType" value="#[message.inboundProperties.'http.query.params'.legalType]" doc:name="Variable"/>
			
		<component class="com.wellsfargo.utils.DetermineCustomerType"
			doc:name="Java" />

		<logger message="Response from the sys-api #[payload]"
			doc:name="Logger" level="WARN" />
		<dw:transform-message doc:name="Build Process Response">
			<dw:set-payload><![CDATA[%dw 1.0
			%output application/json
			---
			{
			  "Response":{
			    "appName": "CustomerVerification",
			    "api-layer": "process-api",
			    "api-method": flowVars.methodName,
			    "status":"success",
			    "payload":  { "customerType" :payload}
			  }
			}
		]]></dw:set-payload>
		</dw:transform-message>
	</flow>

	<flow name="checkOnboardEligible">
		<logger message="Invoking  #[mule:context.serviceName]" level="INFO"
			doc:name="Logger" />
		<!-- do payload transformations here -->
	
			<!-- Calling verification metadata -->
		<flow-ref name="getCustomerVerificationMetaData" doc:name="Flow Reference"/>

		<custom-processor class="com.wellsfargo.utils.StringUtils"
			doc:name="Custom_Processor" />
		<json:json-to-object-transformer
			returnClass="java.util.Map" mimeType="application/java" doc:name="JSON to Object" />
		<logger message="Response from the getCustomerVerificationMetaData #[payload]"
			doc:name="Logger" level="WARN" />
		<set-payload  value="#[payload.Response.payload.CustomerVerificationMetaData]" doc:name="Set Payload"/>
		<logger message="#[payload.is_suspended]" level="WARN" doc:name="Logger"/>
		<choice doc:name="Choice">
		<when expression="#[payload.isSuspended==true]" >
		<set-payload value="{'status':false,'description':'The customer is suspended!Not eligible for onboarding'}" doc:name="Set Payload"></set-payload>
		</when>
		<when expression="#[payload.isRiskExit==true]" >
		<set-payload value="{'status':false,'description':'The customer is Risk Exited!Not eligible for onboarding'}" doc:name="Set Payload"></set-payload>
		</when>
		<when expression="#[payload.isTerminated=true]" >
		<set-payload value="{'status':false,'description':'The customer is terminated!Not eligible for onboarding'}" doc:name="Set Payload"></set-payload>
		</when>
		<when expression="#[payload.isUnderUpdate==true]" >
		<set-payload value="{'status':false,'description':'The customer is being updated by a user!Try after some time'}" doc:name="Set Payload"></set-payload>
		</when>
		<when expression="#[payload.isDleaCompleted==true]" >
		<set-payload value="{'status':false,'description':'The customer is dlea completed for the lob!No need to onboard again'}" doc:name="Set Payload"></set-payload>
		</when>
		<when expression="#[payload.isInFlight==true]" >
		<set-payload value="{'status':false,'description':'The customer is  in flight for a different lob!Cannot be onboarded now'}" doc:name="Set Payload"></set-payload>
		</when> 
		<when expression="#[payload.isVolkerFlagSet==true]" >
		<set-payload value="{'status':false,'description':'Volker Flag is set for the customer!Cannot be onboarded now'}" doc:name="Set Payload"></set-payload>
		</when> 
		<otherwise>
		<set-payload value="{'status':true,'description':'The customer Can be onboarded now'}" doc:name="Set Payload"></set-payload>
		
		</otherwise>
		</choice>	
		
	<set-variable variableName="methodName" value="#[mule:context.serviceName]"			doc:name="Variable" />
			
		<dw:transform-message doc:name="Build Process Response">
			<dw:set-payload><![CDATA[%dw 1.0
			%output application/json
			---
			{
			  "Response":{
			    "appName": "CustomerVerification",
			    "api-layer": "process-api",
			    "api-method": flowVars.methodName,
			    "status":"success",
			    "payload": payload
			  }
			}
		]]></dw:set-payload>
		</dw:transform-message>	</flow>
</mule>
