{
  "Response":{
    "appName": "WcisService",
    "api-layer": "system-api",
    "api-method": "searchByClientId",
    "payload":{
      "CompanyName":" The Legal Name of the Customer",
      "VolkerFlag":"Y",
      "TaxId":"Tax Id",
      "AddressLine1":" Address Line 1 of  Customer's address",
      "City":"City ",
      "StateCode":"State Code",
      "ZipCode":"Zip Code",
      "CountryCode":"Country Code",
      "AddressInd":" Address Indicator",
      "SICCode":" SIC Code",
      "LegalType":"Legal Type",
      "Status": "Status Active or Not",
      "IsPoliticallyExposedPerson": "Yes/No",
      "IsOperatingInHigherRiskCountry":" Yes or No",
      "IsInternetGamblingBusiness":" Yes or No",
      "IsNotifiedUSAPatriotAct": "Yes or No",
      "ModifiedDate":"Customer Updated date",
      "InsertDate":"Customer Inserted date",
      "PhysicalAddressLine1":"Address Line 1 of the Physical address",
      "PhysicalCity":"City of the Customer's  address",
      "PhysicalStateCode":"State of the Customer's address",
      "PhysicalZipCode":"Zip code",
      "PhysicalCountryCode":"Country code",
      "LegalUltimateParentCompanyName":"LOB of the Customer"
    }
  }
}
