{
  "Request":{
    "appName": "WcisService",
    "api-layer": "system-api",
    "api-method": "processRelatedEntity",
    "payload":{
    "WCISRelationship": {
	    "clientId": "main Party wcis id",
	    "relatedClientId":"related party wcis id",
	    "relationshipCode":"relationship code",
	    "relatedCompanyName":"Related Party LegalName",
		"relationTypeId" : "Relationship type code",
		"employeeId": " Employee Id ",
		"authorizationSystemCode" : "System Code",
		"authorizationKey": "System Key"
    }
  }
 }
}
