{
  "Response":{
    "appName": "CustomerVerification",
    "api-layer": "process-api",
    "api-method": "getCustomerVerificationMetaData",
    "status":"success",
    "payload":{
    "CustomerVerificationMetaData":{
 	"customer_id": "3424434",
	"lob": "BBG/WFS",
	"isSuspended": false,
	"isRiskExit": true,
	"isDleaCompleted": false,
	"isAlreadyExisting": true,
	"isVolkerFlagSet": true,
	"isTerminated": false,
	"isUnderUpdate": false,
	"isInFlight": false
      }
    }
  }
}
