   
{
  "sarf": [
    {
      "code": "PAYDAY",
      "comments": ""
    },
    {
      "code": "SFPF",
      "comments": ""
    }
  ],
  "lobSarf": [
    {
      "code": "CHARITY",
      "comments": ""
    }
  ],
  "documents": [
    {
      "docName": "",
      "docShortName": "",
      "docTitle": "",
      "docCategory": "",
      "docClassification": "",
      "docIngestedMethod": "",
      "docExpiryDate": "",
      "mimeType": "",
      "docStream": ""
    }
  ],
  "cipNoticeProvided": "No",
  "cipNoticeProvidedDate": null,
  "countryOfBooking": null,
  "rmName": "U467082",
  "roleType": "ACC_HOLDER",
  "publicTradedInfo": {
    "mic": "XLOM",
    "tickerSymbol": "TL12",
    "marketCap": 12,
    "marketCapUnits": "Millions",
    "listedForAtleastOneYear": "1",
    "stockExchangeCountry": "GB",
    "stockExchangeName": "LONDON STOCK EXCHANGE - MTF"
  },
  "icisClientId": "245166463",
  "orgType": "NON_PROFIT_AGEN",
  "orgSubType": null,
  "legalName": "SaiSarath",
  "altName": "Logan",
  "legalType": "CHURCH",
  "customerType": "CFNPONGO",
  "ssnTaxIdType": null,
  "ssnTaxId": null,
  "firstName": null,
  "middleName": null,
  "lastName": null,
  "dateOfBirth": null,
  "pepStatus": "N",
  "idTypeCode": "CAYMA",
  "idDescription": "Govtid",
  "idExpDate": "",
  "idIssuingCountry": "BS",
  "dunsNumber": "",
  "nationality": "",
  "permResidenceCountry": "",
  "occupationCode": "",
  "businessDescription": "Nature",
  "isInternetOrGamblingBusiness": "N",
  "pubTrade": "Y",
  "officer": "u432738",
  "sourceOfWealth": "GRANT/CONTRIB",
  "cipVerifyStatus": "N",
  "cipVerificationDate": "",
  "disregardEntity": "",
  "eddRequired": "Y",
  "eddcRequired": "",
  "lob": "WFS",
  "addresses": [
    {
      "addressType": "Registered",
      "addressLine0": "LegalAddress1",
      "addressLine1": "LegalAddress2",
      "addressLine2": "LegalAddress3",
      "city": "LegalCity",
      "state": "",
      "province": "LegalProvince",
      "countryCode": "BD",
      "zipCode": "123456789"
    },
    {
      "addressType": "Physical",
      "addressLine0": "LegalAddress1",
      "addressLine1": "LegalAddress2",
      "addressLine2": "LegalAddress3",
      "city": "LegalCity",
      "state": "",
      "province": "LegalProvince",
      "countryCode": "BD",
      "zipCode": "123456789"
    },
    {
      "addressType": "Associated",
      "addressLine0": "Additional1",
      "addressLine1": "",
      "addressLine2": "",
      "city": "City",
      "state": "",
      "province": "",
      "countryCode": "BB",
      "zipCode": "1233"
    }
  ],
  "customerRelationships": [
    {
      "relCode": "30",
      "icisClientId": "245166464",
      "orgType": "INDIV",
      "orgSubType": "INDIV",
      "legalName": "Last,FirstName Middle",
      "altName": "",
      "legalType": "BANKDL",
      "customerType": "",
      "ssnTaxIdType": "",
      "ssnTaxId": "",
      "firstName": "FirstName",
      "middleName": "Middle",
      "lastName": "Last",
      "dateOfBirth": "04022018",
      "pepStatus": "",
      "idTypeCode": "AIREG",
      "idDescription": "",
      "idExpDate": "",
      "idIssuingCountry": "AL",
      "dunsNumber": "",
      "nationality": "",
      "permResidenceCountry": "",
      "occupationCode": "",
      "businessDescription": "",
      "isInternetOrGamblingBusiness": "",
      "pubTrade": "N",
      "officer": "",
      "sourceOfWealth": "",
      "cipVerifyStatus": "",
      "cipVerificationDate": "",
      "disregardEntity": "",
      "roleType": "ACC_HOLDER",
      "addresses": [
        {
          "addressType": "Registered",
          "addressLine0": "AddressLin1",
          "addressLine1": "AddressLn2",
          "addressLine2": "AddressLn3",
          "city": "City",
          "state": "",
          "province": "Province",
          "countryCode": "BV",
          "zipCode": "23456756"
        }
      ],
      "naics": [],
      "products": null,
      "mktsServed": {}
    }
  ],
  "naics": [
    {
      "isPrimaryNaics": "Y",
      "naicCode": "925110"
    },
    {
      "isPrimaryNaics": "N",
      "naicCode": "488111"
    },
    {
      "isPrimaryNaics": "N",
      "naicCode": "336412"
    }
  ],
  "correlationId": "8cc2740b-13d3-4a98-8f8e-7b8529d515df",
  "products": [
    {
      "productSource": "User",
      "productId": "PD7"
    }
  ],
  "mktsServed": [
    {
      "mktCountry": "BO"
    }
  ]
}