{
	"Request": {
		"appName": "CustomerCoreService",
		"api-layer": "process-api",
		"api-method": "addPerson",
		"payload": {
			"legalName": "MADDIE MATTIA",
			"alternativeName": "Logan",
			"firstName": "MADDIE  ",
			"middleName": "A  ",
			"lastName": "MATTIA  ",
			"dateOfBirth": "10-10-1985",
			"citizenship": "US/IN",
			"taxId": "<TaxIdentification>",
			"govermentId": "<GovernmentIdentification>",
			"nationality": "CA",
			"permanentResidenceCountry": "US"
		}
	}

}