{

	"Request": {
		"appName": "CustomerCoreService",
		"api-layer": "process-api",
		"api-method": "isEDDRequired",
		"payload": {
			"customerMasterId": "245166463",
			"orgType": "NON_PROFIT_AGEN",
			"orgSubType": null,
			"legalType": "CHURCH",
			"sourceOfWealth": "GRANT/CONTRIB",
			"addresses": [{
				"addressType": "Physical/Registered/Additional",
				"addressLine1": "LegalAddress1",
				"addressLine2": "LegalAddress2",
				"addressLine3": "LegalAddress3",
				"city": "Mane",
				"stateOrProvince": "NJ",
				"countryCode": "US",
				"zipCode": "08854"
			}],
			"entityType": "INDIVIDUAL/TRUST/CORP/SOLE-PROP",
			"isIndividualEntity": true,
			"individualEntity": {
				"riskRatingAttributes": {
					"eddRequired": true,
					"eddcRequired": false,
					"cip": {
						"cipNoticeProvided": true,
						"cipNoticeProvidedDate": "2014-05-23 (ISO 8601 date)",
						"cipVerifyStatus": true,
						"cipVerificationDate": "2014-07-23 (ISO 8601 date)"
					},
					"sarf": {
						"code": "ARMS/PRECIOUSMETALS/CHARITY/PAYDAY/CRE_SARF1",
						"comment": "Gambling Industry",
						"lob": "Global/BBG/WFS"
					},
					"products": [{
							"name": "Direct Deposit Account",
							"code": "PD410",
							"family": "Saving Account",
							"details": "Type of Saving Account",
							"source": "U"
						}

					],
					"mktsServed": [{
						"mktCountry": "BO"
					}]
				},
				"Person": "<Person>",
				"relatedParties": [{
						"relationshipCode": "30",
						"customer": "<Customer>"
					},
					{
						"relationshipCode": "30",
						"customer": "<Customer>"
					}
				],
				"pepStatus": true,
				"nationality": "CA",
				"permResidenceCountry": "US"
			},
			"nonIndividualEntity": {
				"legalEntityName": "Google Inc",
				"alternativeName": "Google",
				"entityType": "CORP",
				"taxId": {
					"taxIDType": "SSN",
					"taxIDValue": "123456789"
				},
				"govermentId": {
					"typeCode": "DL",
					"description": "Driving license",
					"expDate": "12-25-2018",
					"issuingCountry": "IN"
				},
				"riskRatingAttributes": {
					"eddRequired": true,
					"eddcRequired": false,
					"cip": {
						"cipNoticeProvided": true,
						"cipNoticeProvidedDate": "2014-05-23 (ISO 8601 date)",
						"cipVerifyStatus": true,
						"cipVerificationDate": "2014-07-23 (ISO 8601 date)"
					},
					"sarf": {
						"code": "ARMS/PRECIOUSMETALS/CHARITY/PAYDAY/CRE_SARF1",
						"comment": "Gambling Industry",
						"lob": "Global/BBG/WFS"
					},
					"products": [{
							"name": "Direct Deposit Account",
							"code": "PD410",
							"family": "Saving Account",
							"details": "Type of Saving Account",
							"source": "U"
						}

					],
					"mktsServed": [{
						"mktCountry": "BO"
					}]
				},
				"isPubliclyTraded": true,
				"publiclyTradedInfo": {
					"marketIdentifierCode": "XLOM",
					"tickerSymbol": "TL12",
					"marketCap": "12",
					"marketCapUnit": "Million",
					"currency": "USD",
					"isListedForAtleastOneYear": true,
					"stockExchangeCountry": "GB",
					"stockExchangeName": "LONDON STOCK EXCHANGE - MTF"
				},
				"bookingCountry": {
					"bookingOffice": [{
						"country": "US"
					}],
					"OUSRM": [{
						"country": "CN",
						"bookingEntity": "Eastdil Secured, LLC, London Branch (United Kingdom)",
						"countryOfDomicile": "UK"
					}]
				},
				"relatedParties": [{
						"relationshipCode": "30",
						"customer": "<Customer>"

					},
					{
						"relationshipCode": "30",
						"customer": "<Customer>"

					}
				],
				"pepStatus": false,
				"dunsNumber": "08-025-1234",
				"occupationCode": "PROFMGR",
				"businessDescription": "Search Engine company",
				"isInternetOrGamblingBusiness": false,
				"officer": "u432738",
				"idDisregardEntity": true,
				"naics": [{
						"primaryNaicCode": "238150",
						"additionalNaicCodes": [{
								"naicCode": "511210"
							},
							{
								"naicCode": "522390"
							}
						]
					}

				]

			}




		}


	}

}