<?xml version="1.0" encoding="UTF-8"?>

<mule xmlns:amqp="http://www.mulesoft.org/schema/mule/amqp" xmlns:json="http://www.mulesoft.org/schema/mule/json" xmlns:http="http://www.mulesoft.org/schema/mule/http" xmlns="http://www.mulesoft.org/schema/mule/core" xmlns:doc="http://www.mulesoft.org/schema/mule/documentation"
	xmlns:spring="http://www.springframework.org/schema/beans" 
	xmlns:xsi="http://www.w3.org/2001/XMLSchema-instance"
	xsi:schemaLocation="http://www.springframework.org/schema/beans http://www.springframework.org/schema/beans/spring-beans-current.xsd
http://www.mulesoft.org/schema/mule/core http://www.mulesoft.org/schema/mule/core/current/mule.xsd
http://www.mulesoft.org/schema/mule/http http://www.mulesoft.org/schema/mule/http/current/mule-http.xsd
http://www.mulesoft.org/schema/mule/amqp http://www.mulesoft.org/schema/mule/amqp/current/mule-amqp.xsd
http://www.mulesoft.org/schema/mule/json http://www.mulesoft.org/schema/mule/json/current/mule-json.xsd">
    <http:listener-config name="HTTP_Listener_Configuration" host="0.0.0.0" port="8081" doc:name="HTTP Listener Configuration"/>
    <amqp:connector name="AMQP_0_9_Connector" 
    validateConnections="true" 
     ackMode="MULE_AUTO" 
                  activeDeclarationsOnly="true"
                  mandatory="true"
                  prefetchCount="1"
                  priority="6" 
    doc:name="AMQP-0-9 Connector"/>
    <flow name="process.customerFlow">
        <http:listener config-ref="HTTP_Listener_Configuration" path="/amqp" allowedMethods="POST" doc:name="HTTP"/>
        <request-reply doc:name="Request-Reply">
            <amqp:outbound-endpoint  
             
            exchangeType="direct" 
            exchangeDurable="true" 
            responseTimeout="10000" 
            connector-ref="AMQP_0_9_Connector" 
            doc:name="Send Request to Worker" 
            routingKey="request" exchangeName="amq.direct"/>
            <amqp:inbound-endpoint responseTimeout="10000"  doc:name="Accept Response from Worker" exchangeDurable="true" queueName="replyQ"/>
        </request-reply>
        <amqp:amqpmessage-to-object-transformer doc:name="AMQP Message to Object"/>
        <byte-array-to-object-transformer doc:name="Byte Array to Object"/>
        <json:object-to-json-transformer doc:name="Object to JSON"/>
        <set-payload value="Payload from RabbitMQ: #[payload]" doc:name="Set Payload"/>
    </flow>
    <!--flow name="process.customerFlow1">
        <amqp:inbound-endpoint   exchangeType="direct" exchangeDurable="true" responseTimeout="10000" doc:name="AMQP-0-9" routingKey="request" exchangeName="amq.direct"/>
        <amqp:amqpmessage-to-object-transformer doc:name="AMQP Message to Object"/>
        <byte-array-to-string-transformer doc:name="Byte Array to String"/>
        <amqp:outbound-endpoint   responseTimeout="10000" doc:name="AMQP-0-9" exchangeDurable="true" exchangeType="topic"  exchangeName="amq.topic" queueName="replyQ"/>
    </flow-->
</mule>
