<?xml version="1.0" encoding="UTF-8" standalone="yes"?>
<mule-project xmlns="http://www.mulesoft.com/tooling/project" runtimeId="org.mule.tooling.server.3.9.0.ee" schemaVersion="5.3.0.0">
<<<<<<< HEAD
    <name>CustomerMaster-exp-api</name>
    <description>experience API for CustomerMaster</description>
=======
    <name>customerMaster-exp-api</name>
    <description>experience API for myApplication</description>
>>>>>>> develop
    <muleExtension name="Encryption" qualifier="org.mule.tooling.ui.contribution.encryption.3.6.0"/>
</mule-project>
