<?xml version="1.0" encoding="UTF-8"?>
<mule xmlns:batch="http://www.mulesoft.org/schema/mule/batch"
	xmlns:json="http://www.mulesoft.org/schema/mule/json"
	xmlns:dw="http://www.mulesoft.org/schema/mule/ee/dw"
	xmlns:jersey="http://www.mulesoft.org/schema/mule/jersey"
	xmlns:metadata="http://www.mulesoft.org/schema/mule/metadata"
	xmlns:context="http://www.springframework.org/schema/context"
	xmlns:tls="http://www.mulesoft.org/schema/mule/tls"
	xmlns:tracking="http://www.mulesoft.org/schema/mule/ee/tracking"
	xmlns:db="http://www.mulesoft.org/schema/mule/db"
	xmlns:doc="http://www.mulesoft.org/schema/mule/documentation"
	xmlns="http://www.mulesoft.org/schema/mule/core"
	xmlns:apikit="http://www.mulesoft.org/schema/mule/apikit"
	xmlns:http="http://www.mulesoft.org/schema/mule/http"
	xmlns:spring="http://www.springframework.org/schema/beans"
	xmlns:xsi="http://www.w3.org/2001/XMLSchema-instance"
	xsi:schemaLocation="http://www.mulesoft.org/schema/mule/core http://www.mulesoft.org/schema/mule/core/current/mule.xsd
http://www.mulesoft.org/schema/mule/http http://www.mulesoft.org/schema/mule/http/current/mule-http.xsd
http://www.mulesoft.org/schema/mule/apikit http://www.mulesoft.org/schema/mule/apikit/current/mule-apikit.xsd
http://www.springframework.org/schema/beans http://www.springframework.org/schema/beans/spring-beans-3.1.xsd
http://www.mulesoft.org/schema/mule/db http://www.mulesoft.org/schema/mule/db/current/mule-db.xsd
http://www.mulesoft.org/schema/mule/jersey http://www.mulesoft.org/schema/mule/jersey/current/mule-jersey.xsd
http://www.springframework.org/schema/context http://www.springframework.org/schema/context/spring-context-current.xsd
http://www.mulesoft.org/schema/mule/tls http://www.mulesoft.org/schema/mule/tls/current/mule-tls.xsd
http://www.mulesoft.org/schema/mule/ee/dw http://www.mulesoft.org/schema/mule/ee/dw/current/dw.xsd
http://www.mulesoft.org/schema/mule/ee/tracking http://www.mulesoft.org/schema/mule/ee/tracking/current/mule-tracking-ee.xsd
http://www.mulesoft.org/schema/mule/json http://www.mulesoft.org/schema/mule/json/current/mule-json.xsd
http://www.mulesoft.org/schema/mule/batch http://www.mulesoft.org/schema/mule/batch/current/mule-batch.xsd">

	<!-- main uses the parent domain shared listener
	API must implement a version on the REST path -->
	<!-- this is the entry point in mule and must have a reference to the APIkit exception strategy -->
    <flow name="myApp_event-main">
        <http:listener config-ref="SharedHTTPListener" path="${http.basepath}/TBD/api/${api.version}/*" doc:name="HTTP" />
        <apikit:router config-ref="apiConfig" doc:name="APIkit Router"/>
        <exception-strategy ref="myApp_event-apiKitGlobalExceptionMapping" doc:name="Reference Exception Strategy"/>
    </flow>
    <!-- console could be disabled after dev phase (note doesn't implement version by default) -->
    <flow name="myApp_event-console">
        <http:listener config-ref="SharedHTTPListener" path="${http.basepath}/TBD/console/*" doc:name="HTTP" />
        <apikit:console config-ref="apiConfig" doc:name="APIkit Console"/>
    </flow>
    
    <!-- stub auto-generated by apikit scaffolding -->
    <!-- Note: stubs don't require any exception handling -->
    <flow name="post:/incidents:apiConfig">
    	<!-- vars for traceability, add name of API (service-exp/prc/sys) -->
    	<set-variable variableName="isException" value="#[false]" doc:name="set boolean isException" />
    	<set-variable variableName="ApiMethodName" value="CreateEvent" doc:name="set Api Method Name" />
    	<set-variable variableName="ApiLayer" value="Experience" doc:name="set Api Layer" />
    	<set-variable variableName="ApiMethodVerb" value="POST" doc:name="set Api Method Name" />
    	<set-variable variableName="gotResponse" value="#[false]" doc:name="boolean gotResponse" />
    	<!-- call some helpers e.g. run some json validations in code -->	
        <byte-array-to-string-transformer doc:name="Byte Array to String"/>
    	<set-variable variableName="stashPayload" value="#[payload]" mimeType="application/json" doc:name="stash request payload" />
        <!-- call some helpers -->
        <!-- prep steps prior to invoking worker -->
        <set-payload value="#[flowVars.stashPayload]" mimeType="application/json" doc:name="reset payload" />
        <json:json-to-object-transformer returnClass="java.util.HashMap" mimeType="application/java" doc:name="JSON to Object"/>
        <set-payload value="#[payload.ticket]" doc:name="set the ticket as payload" />
        <!-- invoke worker flow -->
        <flow-ref name="post-eventFlow" doc:name="post-eventFlow"/>
    </flow>
    <flow name="get:/incidents:apiConfig">
    	<!-- just another resource+verb flow -->
        <!-- it's a GET, we don't need to set any payload -->
        <set-payload value="#[null]" doc:name="reset payload" />
         <!-- invoke worker flow -->
        <flow-ref name="get-eventsFlow" doc:name="get-eventFlow"/>     
    </flow>
    <flow name="get:/incidents/{eventID}:apiConfig">
    	<!-- just another resource+verb flow -->
        <!-- it's a GET, we don't need to set any payload -->
        <set-payload value="#[null]" doc:name="reset payload" />
         <!-- invoke worker flow -->
        <flow-ref name="get-singleEventFlow" doc:name="get-eventFlow"/>    
    </flow>
    <flow name="put:/incidents/{eventID}:apiConfig">
    	<!-- just another resource+verb flow -->
    	<!-- prep steps prior to invoking worker -->
        <set-payload value="#[flowVars.stashPayload]" mimeType="application/json" doc:name="reset payload" />
        <json:json-to-object-transformer returnClass="java.util.HashMap" mimeType="application/java" doc:name="JSON to Object"/>
        <set-payload value="#[payload.ticket]" doc:name="set the ticket as payload" />
        <!-- invoke worker flow -->
        <flow-ref name="put-eventFlow" doc:name="put-eventFlow"/>    
    </flow>   

    <apikit:mapping-exception-strategy name="myApp_event-apiKitGlobalExceptionMapping">
        <apikit:mapping statusCode="404">
            <apikit:exception value="org.mule.module.apikit.exception.NotFoundException" />
            <set-variable variableName="v_exc_code" value="#['404']"
							doc:name="VAR: set exc code" />
						<flow-ref name="exceptionFlow" doc:name="exceptionFlow" />
        </apikit:mapping>
        <apikit:mapping statusCode="405">
            <apikit:exception value="org.mule.module.apikit.exception.MethodNotAllowedException" />
            <set-variable variableName="v_exc_code" value="#['405']"
							doc:name="VAR: set exc code" />
						<flow-ref name="exceptionFlow" doc:name="exceptionFlow" />
        </apikit:mapping>
        <apikit:mapping statusCode="415">
            <apikit:exception value="org.mule.module.apikit.exception.UnsupportedMediaTypeException" />
            <set-variable variableName="v_exc_code" value="#['415']"
							doc:name="VAR: set exc code" />
						<flow-ref name="exceptionFlow" doc:name="exceptionFlow" />
        </apikit:mapping>
        <apikit:mapping statusCode="406">
            <apikit:exception value="org.mule.module.apikit.exception.NotAcceptableException" />
            <set-variable variableName="v_exc_code" value="#['406']"
							doc:name="VAR: set exc code" />
						<flow-ref name="exceptionFlow" doc:name="exceptionFlow" />
        </apikit:mapping>

        <apikit:mapping statusCode="400">
            <apikit:exception value="org.mule.module.apikit.exception.BadRequestException" />
            <set-variable variableName="v_exc_code" value="#['400']"
							doc:name="VAR: set exc code" />
						<flow-ref name="exceptionFlow" doc:name="exceptionFlow" />
        </apikit:mapping>
        <apikit:mapping statusCode="500">
            <apikit:exception value="org.mule.exception.DefaultMessagingExceptionStrategy"/>
            <apikit:exception value="org.codehaus.jackson.JsonParseException"/>
            <apikit:exception value="org.mule.api.transport.DispatchException"/>
            <apikit:exception value="com.mulesoft.weave.mule.exception.WeaveExecutionException"/>
            <!-- superfluous in this project, adjust to mongo connection exception if appropriate -->
            <!-- replace by com.mongodb.MongoException or any of its subclasses -->
            <!-- <apikit:exception value="com.microsoft.sqlserver.jdbc.SQLServerException"/>  -->
            <apikit:exception value="org.codehaus.jackson.map.JsonMappingException"/>
            <apikit:exception value="org.mule.api.transformer.TransformerMessagingException"/>
            <apikit:exception value="org.mule.module.http.internal.request.ResponseValidatorException"/>
            <set-variable variableName="v_exc_code" value="#['500']" doc:name="VAR: set exc code" />
			<flow-ref name="exceptionFlow" doc:name="exceptionFlow" />

        </apikit:mapping>

    </apikit:mapping-exception-strategy>
</mule>
