<?xml version="1.0" encoding="UTF-8"?>

<mule xmlns:dw="http://www.mulesoft.org/schema/mule/ee/dw"
	xmlns:tracking="http://www.mulesoft.org/schema/mule/ee/tracking"
	xmlns:json="http://www.mulesoft.org/schema/mule/json" xmlns:http="http://www.mulesoft.org/schema/mule/http"
	xmlns="http://www.mulesoft.org/schema/mule/core" xmlns:doc="http://www.mulesoft.org/schema/mule/documentation"
	xmlns:spring="http://www.springframework.org/schema/beans" xmlns:xsi="http://www.w3.org/2001/XMLSchema-instance"
	xsi:schemaLocation="http://www.mulesoft.org/schema/mule/ee/dw http://www.mulesoft.org/schema/mule/ee/dw/current/dw.xsd
http://www.mulesoft.org/schema/mule/json http://www.mulesoft.org/schema/mule/json/current/mule-json.xsd
http://www.mulesoft.org/schema/mule/http http://www.mulesoft.org/schema/mule/http/current/mule-http.xsd
http://www.springframework.org/schema/beans http://www.springframework.org/schema/beans/spring-beans-current.xsd
http://www.mulesoft.org/schema/mule/core http://www.mulesoft.org/schema/mule/core/current/mule.xsd
http://www.mulesoft.org/schema/mule/ee/tracking http://www.mulesoft.org/schema/mule/ee/tracking/current/mule-tracking-ee.xsd">

   <!-- enhance message PREFIX to reflect name of app and what API layer -->
   <catch-exception-strategy name="_global_exception_strategy" >
   		<logger level="INFO" message="EXCEPTION CAUGHT BY THE GLOBAL EXCEPTION STRATEGY!" doc:name="logger global exc strat" />
        <set-payload value="Internal server error: #[(org.apache.commons.lang3.exception.ExceptionUtils.getRootCause(exception) or exception).getClass().getName()]" doc:name="Set Payload"/>
        <set-variable variableName="exceptionPayloadJson" value="{&#34;exception&#34;:&#34;#[(org.apache.commons.lang3.exception.ExceptionUtils.getRootCause(exception) or exception)]&#34;}" doc:name="set exceptionPayloadJson var"/>
        <set-property propertyName="http.status" value="500" doc:name="http.status 500"/>
        <set-variable variableName="isException" value="#[true]" doc:name="set boolean isException" />
	    <async doc:name="Async">
	    	<!-- call the exceptionFlow service -->
	    	<set-variable variableName="v_exc_code" value="#['500']" doc:name="VAR: set exc code" />
			<flow-ref name="exceptionFlow" doc:name="Flow Reference"/>
		</async>   		
    </catch-exception-strategy>
	
	<!-- superflous if we don't use an exception/error service
	but async pattern applies if we go straight to log -->
	<flow name="exceptionFlow">
		<logger level="INFO" message="exceptionFlow called..." doc:name="logger" />
		<set-property propertyName="Content-Type" value="application/json" doc:name="Property" />
		<!-- <logger message="setting 14 vars..." level="INFO" doc:name="debug" /> -->
		<expression-component doc:name="Expr: set server host var"><![CDATA[flowVars.vServerHost=server.host;]]></expression-component>
		<!-- <logger message="var1: #[flowVars.vServerHost]" level="INFO" doc:name="debug" /> -->
		<expression-component doc:name="Expr: set message id var"><![CDATA[flowVars.vMessageID=message.id;]]></expression-component>
		<!-- <logger message="var2: #[flowVars.vMessageID]" level="INFO" doc:name="debug" /> -->
		<expression-component doc:name="Expr: set flow name var"><![CDATA[flowVars.vFlowName=flowVars.v_flowName != empty ? flowVars.v_flowName : ((exception != empty) ? ((exception.event.flowConstruct != "") ? ((exception.event.flowConstruct.name != empty) ? exception.event.flowConstruct.name : "") : "") : "");]]></expression-component>
		<!-- <logger message="var3: #[flowVars.vServerHost]" level="INFO" doc:name="debug" /> -->
		<expression-component doc:name="Expr: job start time var"><![CDATA[flowVars.vJobStartTime=flowVars.sv_JobStartTime != empty ? flowVars.sv_JobStartTime : server.dateTime.format('YYYY-MM-dd HH:mm:ss');]]></expression-component>
		<!-- <logger message="var4: #[flowVars.vJobStartTime]" level="INFO" doc:name="debug" /> -->
		<expression-component doc:name="Expr: error desc var"><![CDATA[flowVars.vErrorDescr=flowVars.v_ErrorDesc != empty ? flowVars.v_ErroDesc : "${errorHandler.exception.message} " + flowVars.ApiMethodName + "${errorHandler.exception.messageTail} " + flowVars.vMessageID;]]></expression-component>
		<!-- <logger message="var5: #[flowVars.vErrorDescr]" level="INFO" doc:name="debug" /> -->
		<expression-component doc:name="Expr: set exception cause var"><![CDATA[flowVars.tCause=(exception.cause != empty) ? (new String(exception.cause)) : ((exception != empty) ? (new String(exception)) : "");]]></expression-component>
		<!-- <logger message="var6: #[flowVars.tCause]" level="INFO" doc:name="debug" /> -->
		<expression-component doc:name="Expr: tcause var"><![CDATA[flowVars.vFaultName=flowVars.tCause.substring(0,( (flowVars.tCause.indexOf(':') != -1) ? (flowVars.tCause.indexOf(':')) : (flowVars.tCause.length()))) or "";]]></expression-component>
		<!-- <logger message="var7: #[flowVars.vFaultName]" level="INFO" doc:name="debug" /> -->

		<expression-component doc:name="Expr: set fault message var"><![CDATA[flowVars.vFaultMessage=org.apache.commons.lang.StringEscapeUtils.escapeJavaScript(flowVars.v_errorDescr != empty ? flowVars.v_errorDescr : flowVars.tCause.substring( (flowVars.tCause.indexOf(':') != -1) ? (flowVars.tCause.indexOf(':')) : 0,(flowVars.tCause.length()))) or "";]]></expression-component>
		<expression-component doc:name="Expr: beautify fault message var"><![CDATA[flowVars.vFaultMessage=org.apache.commons.lang3.StringUtils.removeStart(flowVars.vFaultMessage, ": ")]]></expression-component>
		<!-- <logger message="var8: #[flowVars.vFaultMessage]" level="INFO" doc:name="debug" /> -->

		<expression-component doc:name="Expr: set fault activity name var"><![CDATA[flowVars.vFaultActivityName=flowVars.v_faultActivityName != empty ? flowVars.v_faultActivityName : (exception.failingMessageProcessor != empty ? (exception.failingMessageProcessor.name != empty ? exception.failingMessageProcessor.name : (exception.cause.info != empty ? exception.cause.info.Element : 'Unknown') ) : 'Unknown');		]]></expression-component>
		<!-- <logger message="var9: #[flowVars.vFaultActivityName]" level="INFO" doc:name="debug" /> -->
		<expression-component doc:name="Expr: set email code var"><![CDATA[flowVars.vEmailCode=flowVars.v_emailCode != empty ? flowVars.v_emailCode : "${emailHandler.code.default}";]]></expression-component>
		<!-- <logger message="var10: #[flowVars.vEmailCode]" level="INFO" doc:name="debug" /> -->
		<expression-component doc:name="Expr: set error code var"><![CDATA[flowVars.vErrorCode=Integer.parseInt(flowVars.v_errorCode != empty ? flowVars.v_errorCode : "${errorHandler.code.default}");]]></expression-component>
		<!-- <logger message="var11: #[flowVars.vErrorCode]" level="INFO" doc:name="debug" /> -->
		<expression-component doc:name="Expr: set retry attempt var"><![CDATA[flowVars.vRetryAttempt=Integer.parseInt(flowVars.v_retryAttempt != empty ? flowVars.v_retryAttempt : "${errorHandler.retryAttempt.default}");]]></expression-component>
		<!-- <logger message="var12: #[flowVars.vRetryAttempt]" level="INFO" doc:name="debug" /> -->
		<expression-component doc:name="Expr: set server host var"><![CDATA[flowVars.vErrorPayload=message.payloadAs(java.lang.String) or "";]]></expression-component>
		<!-- <logger message="var13: #[flowVars.vErrorPayload]" level="INFO" doc:name="debug" /> -->
		
<!-- 	<expression-component doc:name="Expr: set fault time var"><![CDATA[flowVars.vFaultTime=new java.sql.Timestamp(Calendar.getInstance().getTime().getTime());]]></expression-component>
		<logger message="var14: #[flowVars.vFaultTime]" level="INFO" doc:name="debug" /> -->		
		<!-- I noticed a timeout issue when sending a proper time value for faultTime -->
		<expression-component doc:name="Expr: set fault time var"><![CDATA[flowVars.vFaultTime=null]]></expression-component>
		
		<dw:transform-message doc:name="DW: error log payload">
			<dw:input-payload mimeType="application/java" />
			<dw:set-payload><![CDATA[%dw 1.0
%output application/json
---
{
	"ServerName":flowVars.vServerHost,
	"Source":p('integration.source'),
	"Destination":p('integration.destination'),
	"Integration":p('integration.name'),
	"FlowName":flowVars.vFlowName,
	"JobID":flowVars.vMessageID,
	"JobStartTime":flowVars.vJobStartTime,
	"EmailCode":flowVars.vEmailCode,
	"ErrorDescr":flowVars.vErrorDescr,
	"FaultName":flowVars.vFaultName,
	"FaultMessage":flowVars.vFaultMessage,
	"FaultActivityName":flowVars.vFaultActivityName,
	"FaultTime":flowVars.vFaultTime,
	"RetryAttempt":flowVars.vRetryAttempt,
	"ErrorPayload":flowVars.vErrorPayload
}	
]]></dw:set-payload>
		</dw:transform-message>
		<logger message="ErrorHandler Request Payload: #[payload]" level="INFO" doc:name="Logger" />
	</flow>
</mule>
