<?xml version="1.0" encoding="UTF-8"?>

<mule xmlns:apikit="http://www.mulesoft.org/schema/mule/apikit"
	xmlns:tls="http://www.mulesoft.org/schema/mule/tls"
	xmlns:dw="http://www.mulesoft.org/schema/mule/ee/dw"
		xmlns:db="http://www.mulesoft.org/schema/mule/db" 
		xmlns:context="http://www.springframework.org/schema/context" 
		xmlns:ws="http://www.mulesoft.org/schema/mule/ws" 
		xmlns:http="http://www.mulesoft.org/schema/mule/http" 
		xmlns="http://www.mulesoft.org/schema/mule/core" 
		xmlns:doc="http://www.mulesoft.org/schema/mule/documentation"
		xmlns:spring="http://www.springframework.org/schema/beans" 
		xmlns:xsi="http://www.w3.org/2001/XMLSchema-instance"
xsi:schemaLocation="
http://www.mulesoft.org/schema/mule/apikit http://www.mulesoft.org/schema/mule/apikit/current/mule-apikit.xsd 
http://www.mulesoft.org/schema/mule/tls http://www.mulesoft.org/schema/mule/tls/current/mule-tls.xsd 
http://www.mulesoft.org/schema/mule/ee/dw http://www.mulesoft.org/schema/mule/ee/dw/current/dw.xsd 
http://www.springframework.org/schema/beans http://www.springframework.org/schema/beans/spring-beans-current.xsd
http://www.mulesoft.org/schema/mule/core http://www.mulesoft.org/schema/mule/core/current/mule.xsd
http://www.mulesoft.org/schema/mule/http http://www.mulesoft.org/schema/mule/http/current/mule-http.xsd
http://www.mulesoft.org/schema/mule/ws http://www.mulesoft.org/schema/mule/ws/current/mule-ws.xsd
http://www.springframework.org/schema/context http://www.springframework.org/schema/context/spring-context-current.xsd
http://www.mulesoft.org/schema/mule/db http://www.mulesoft.org/schema/mule/db/current/mule-db.xsd">

    <!-- <context:property-placeholder location="api.properties,file:///${MULE_CONF}/global.properties"/> -->
    <context:property-placeholder location="app-${env}.properties"/>
    
    <!-- note: appName-apiLayer.raml -->
<<<<<<< HEAD
	<apikit:config name="apiConfig" raml="customerMaster-exp-api.raml" consoleEnabled="false" doc:name="Router" keepRamlBaseUri="false" />
=======
	<apikit:config name="apiConfig" raml="myApp-exp-api.raml" consoleEnabled="false" doc:name="Router" keepRamlBaseUri="false" />
>>>>>>> develop
			
	<!-- request-config to PROCESS API (prc-api) -->	
	<!-- IMPLEMENT https between layers -->
	<http:request-config name="myApp-prc-api" 
		protocol="HTTPS" 
		host="${myApp-prc-api.host}" 
		port="${LB.PORT}" 
		basePath="${myApp-prc-api.base_path}" 
		responseTimeout="${myApp-prc-api.timeout}" 
		doc:name="HTTP Request Config to PROCESS API">
		<tls:context>
			<tls:trust-store insecure="true"/>
		</tls:context>
	</http:request-config>
	
	<!-- superfluous for organizations leveraging log mining e.g. with Splunk instead of a dedicated error reporting service as suggested here -->
	<http:request-config name="ErrorHandler_HTTP_Request_Configuration" host="${LB.HOST}" port="${LB.PORT}" basePath="/${errorHandler.basepath}/api" doc:name="HTTP Request Configuration"/>
	
	<configuration doc:name="Config_globalfuctions">
		<expression-language>
			<global-functions>
				def escapeSpecialChars(inputStr) {
					return org.apache.commons.lang.StringEscapeUtils.escapeJavaScript(inputStr);
				}

	             def subString(value,start,end) {
	                 return org.apache.commons.lang3.StringUtils.substring(value,start,end);
	             }
	             
	             def stringRemove(value,strToRemove) {
	                 return org.apache.commons.lang3.StringUtils.remove(value,strToRemove);
	             }				
			</global-functions>
		</expression-language>
	</configuration>
    <configuration defaultTransactionTimeout="300000" defaultResponseTimeout="300000" doc:name="Configuration">
     <default-threading-profile poolExhaustedAction="RUN"/>
 </configuration> 
     
</mule>
