<?xml version="1.0" encoding="UTF-8"?>

<mule xmlns:scripting="http://www.mulesoft.org/schema/mule/scripting"
	xmlns:context="http://www.springframework.org/schema/context"
	xmlns:db="http://www.mulesoft.org/schema/mule/db" xmlns:metadata="http://www.mulesoft.org/schema/mule/metadata" xmlns:tracking="http://www.mulesoft.org/schema/mule/ee/tracking" xmlns:validation="http://www.mulesoft.org/schema/mule/validation" xmlns:http="http://www.mulesoft.org/schema/mule/http"
	xmlns:dw="http://www.mulesoft.org/schema/mule/ee/dw"
	xmlns="http://www.mulesoft.org/schema/mule/core" xmlns:doc="http://www.mulesoft.org/schema/mule/documentation"
	xmlns:spring="http://www.springframework.org/schema/beans" 
	xmlns:xsi="http://www.w3.org/2001/XMLSchema-instance"
	xsi:schemaLocation="http://www.mulesoft.org/schema/mule/scripting http://www.mulesoft.org/schema/mule/scripting/current/mule-scripting.xsd
http://www.springframework.org/schema/context http://www.springframework.org/schema/context/spring-context-current.xsd
http://www.mulesoft.org/schema/mule/http http://www.mulesoft.org/schema/mule/http/current/mule-http.xsd
http://www.mulesoft.org/schema/mule/ee/dw http://www.mulesoft.org/schema/mule/ee/dw/current/dw.xsd
http://www.springframework.org/schema/beans http://www.springframework.org/schema/beans/spring-beans-current.xsd
http://www.mulesoft.org/schema/mule/core http://www.mulesoft.org/schema/mule/core/current/mule.xsd
http://www.mulesoft.org/schema/mule/validation http://www.mulesoft.org/schema/mule/validation/current/mule-validation.xsd
http://www.mulesoft.org/schema/mule/ee/tracking http://www.mulesoft.org/schema/mule/ee/tracking/current/mule-tracking-ee.xsd
http://www.mulesoft.org/schema/mule/db http://www.mulesoft.org/schema/mule/db/current/mule-db.xsd">

	<!-- add all helper functions here -->	
	
	<configuration doc:name="Configuration">
	     <expression-language>
	         <global-functions>
	             def urlEncode(value) {
	                 return java.net.URLEncoder.encode(value,"UTF-8");
	             }
	         </global-functions>
	     </expression-language>
	 </configuration>
 
	<!-- functional mock/harness. implement in Munit otherwise for unit tests --> 	
<<<<<<< HEAD
<!--  	<flow name="wf_mockPingService" >
=======
 	<flow name="wf_mockPingService" >
>>>>>>> develop
 	    <choice doc:name="Choice">
	        <when expression="#[flowVars.pingServiceOutcome=='200']">
 				<parse-template location="src/main/api/examples/ping-200-response.json" doc:name="Parse Template ping 200"/>
				<set-property propertyName="http.status" value="#[200]" doc:name="200" />
			</when>
			<when expression="#[flowVars.pingServiceOutcome=='503']">
				<parse-template location="src/main/api/examples/ping-503-response.json" doc:name="Parse Template ping 503"/>
				<set-property propertyName="http.status" value="#[503]" doc:name="503" />
			</when>
			<when expression="#[flowVars.pingServiceOutcome=='504']">
				<parse-template location="src/main/api/examples/ping-504-response.json" doc:name="Parse Template ping 504"/>
				<set-property propertyName="http.status" value="#[504]" doc:name="504" />
			</when>
			<otherwise>
				<logger message="In wf_mockPingService: Should never see this!" level="INFO" doc:name="Logger payload"/>
			</otherwise>
		</choice>	
<<<<<<< HEAD
 	</flow> -->
=======
 	</flow>
>>>>>>> develop

  	 	
</mule>
