<?xml version="1.0" encoding="UTF-8"?>

<mule xmlns:scripting="http://www.mulesoft.org/schema/mule/scripting"
	xmlns:db="http://www.mulesoft.org/schema/mule/db" xmlns:ftplite="http://www.mulesoft.org/schema/mule/ftplite" xmlns:sftplite="http://www.mulesoft.org/schema/mule/sftplite" xmlns:metadata="http://www.mulesoft.org/schema/mule/metadata" xmlns:mulerequester="http://www.mulesoft.org/schema/mule/mulerequester" xmlns:tracking="http://www.mulesoft.org/schema/mule/ee/tracking" xmlns:dw="http://www.mulesoft.org/schema/mule/ee/dw" xmlns:sftp="http://www.mulesoft.org/schema/mule/sftp" xmlns:http="http://www.mulesoft.org/schema/mule/http" xmlns="http://www.mulesoft.org/schema/mule/core" xmlns:doc="http://www.mulesoft.org/schema/mule/documentation"
	xmlns:spring="http://www.springframework.org/schema/beans" 
	xmlns:xsi="http://www.w3.org/2001/XMLSchema-instance"
	xsi:schemaLocation="
http://www.mulesoft.org/schema/mule/scripting http://www.mulesoft.org/schema/mule/scripting/current/mule-scripting.xsd http://www.springframework.org/schema/beans http://www.springframework.org/schema/beans/spring-beans-current.xsd
http://www.mulesoft.org/schema/mule/core http://www.mulesoft.org/schema/mule/core/current/mule.xsd
http://www.mulesoft.org/schema/mule/sftp http://www.mulesoft.org/schema/mule/sftp/current/mule-sftp.xsd
http://www.mulesoft.org/schema/mule/ee/dw http://www.mulesoft.org/schema/mule/ee/dw/current/dw.xsd
http://www.mulesoft.org/schema/mule/http http://www.mulesoft.org/schema/mule/http/current/mule-http.xsd
http://www.mulesoft.org/schema/mule/mulerequester http://www.mulesoft.org/schema/mule/mulerequester/current/mule-mulerequester.xsd
http://www.mulesoft.org/schema/mule/ee/tracking http://www.mulesoft.org/schema/mule/ee/tracking/current/mule-tracking-ee.xsd
http://www.mulesoft.org/schema/mule/sftplite http://www.mulesoft.org/schema/mule/sftplite/current/mule-sftplite.xsd
http://www.mulesoft.org/schema/mule/ftplite http://www.mulesoft.org/schema/mule/ftplite/current/mule-ftplite.xsd
http://www.mulesoft.org/schema/mule/db http://www.mulesoft.org/schema/mule/db/current/mule-db.xsd">
    
<!--     <http:request-config name="myApp-prc-api" protocol="HTTPS" host="#[flowVars.connection_details.endpoint_url]" port="443" doc:name="HTTP Request Configuration">
        <http:basic-authentication username="#[flowVars.connection_details.username]" password="#[flowVars.connection_details.password]" preemptive="true"/>
    </http:request-config> --> 
    
	<flow name="invokeCreateINCIDENTService">
 		<!-- createINCIDENT service (POST) -->
 		<logger level="INFO" message="invokeCreateINCIDENTService, debug payload: #[payload]" doc:name="Debug"/>
 	    <until-successful maxRetries="${maxRetries}" millisBetweenRetries="${millisBetweenRetries}" failureExpression="#[${retrylogic}]" synchronous="true" ackExpression="#[message:correlationId]" doc:name="Until Successful" >
			<processor-chain doc:name="Processor Chain">
				<http:request config-ref="myApp-prc-api" path="TBD" method="POST" doc:name="some endpoint at myApp-prc-api">
					<http:request-builder>
						<http:header headerName="Content-Type" value="application/json" />
            			<http:header headerName="Authorization" value="TBD"/>
					</http:request-builder>
					<http:success-status-code-validator values="200,201,400" />					
				</http:request>
		        <byte-array-to-string-transformer doc:name="Byte Array to String"/>
		        <set-variable variableName="CreateINCIDENTResponsePayload" value="#[payload]" doc:name="set var"/>
		 	</processor-chain>
		</until-successful>
		<set-variable variableName="gotResponse" value="#[true]" doc:name="boolean gotResponse" />    
		<exception-strategy ref="requesters_exception_strategy" doc:name="Ref Exception Strategy"/>          
 	</flow>
 	
	<flow name="invokeGetSingleEVENTService">
 		<!-- getSingleEVENT service (GET) -->
 		<logger level="INFO" message="invokeGetSingleEVENTService..." doc:name="Debug"/>
 	    <until-successful maxRetries="${maxRetries}" millisBetweenRetries="${millisBetweenRetries}" failureExpression="#[${retrylogic}]" synchronous="true" ackExpression="#[message:correlationId]" doc:name="Until Successful" >
			<processor-chain doc:name="Processor Chain">
				<http:request config-ref="myApp-prc-api" path="TBD" method="GET" doc:name="some endpoint at myApp-prc-api">
					<http:request-builder>
						<http:header headerName="Content-Type" value="application/json" />
            			<http:header headerName="Authorization" value="#[flowVars.connection_details.someAuth]"/>
					</http:request-builder>
					<http:success-status-code-validator values="200,201,400" />					
				</http:request>
		        <byte-array-to-string-transformer doc:name="Byte Array to String"/>
		        <set-variable variableName="GetSingleINCIDENTResponsePayload" value="#[payload]" doc:name="set var"/>
		 	</processor-chain>
		</until-successful>
		<set-variable variableName="gotResponse" value="#[true]" doc:name="boolean gotResponse" />    
		<exception-strategy ref="requesters_exception_strategy" doc:name="Ref Exception Strategy"/>          
 	</flow>
 	<flow name="invokeGetMultipleEVENTService"> 	
 		<!-- getMultipleEVENTs service (GET) -->
 		<logger level="INFO" message="invokeGetMultipleEVENTService..." doc:name="Debug"/>
 	    <until-successful maxRetries="${maxRetries}" millisBetweenRetries="${millisBetweenRetries}" failureExpression="#[${retrylogic}]" synchronous="true" ackExpression="#[message:correlationId]" doc:name="Until Successful" >
			<processor-chain doc:name="Processor Chain">
				<!-- open,closed,pending -->
				<http:request config-ref="myApp-prc-api" path="TBD" method="GET" doc:name="some endpoint at myApp-prc-api">
					<http:request-builder>
						<http:header headerName="Content-Type" value="application/json" />
            			<http:header headerName="Authorization" value="#[flowVars.connection_details.someAuth]"/>
                        <http:query-param paramName="eventType" value="#[flowVars.eventType.equals('CHANGE')?flowVars.subEventType:flowVars.eventType]"/>
                        <http:query-param paramName="eventStatus" value="#[flowVars.eventStatus]"/>
                        <http:query-param paramName="firstRecord" value="#[flowVars.firstRecord]"/>
                        <http:query-param paramName="maxRecords" value="#[flowVars.maxRecords]"/>
                        <http:query-param paramName="disableExceptionOnMaxRecords" value="#[disableExceptionOnMaxRecords]"/>
                        <http:query-param paramName="userReference" value="#[flowVars.userReference]"/>                        
					</http:request-builder>
					<http:success-status-code-validator values="200,201,400" />					
				</http:request>
		        <byte-array-to-string-transformer doc:name="Byte Array to String"/>
		        <set-variable variableName="GetMultipleINCIDENTsResponsePayload" value="#[payload]" doc:name="set var"/>
		 	</processor-chain>
		</until-successful>
		<set-variable variableName="gotResponse" value="#[true]" doc:name="boolean gotResponse" />    
		<exception-strategy ref="requesters_exception_strategy" doc:name="Ref Exception Strategy"/>  	
 	</flow>
 	
	<flow name="invokeUpdateEVENTService">
 		<logger level="INFO" message="invokeUpdateEVENTService, debug payload: #[payload]" doc:name="Debug"/>
 	    <until-successful maxRetries="${maxRetries}" millisBetweenRetries="${millisBetweenRetries}" failureExpression="#[${retrylogic}]" synchronous="true" ackExpression="#[message:correlationId]" doc:name="Until Successful" >
			<processor-chain doc:name="Processor Chain">
				<http:request config-ref="myApp-prc-api" path="TBD" method="POST" doc:name="some endpoint at myApp-prc-api">
					<http:request-builder>
						<http:header headerName="Content-Type" value="application/json" />
            			<http:header headerName="Authorization" value="#[flowVars.connection_details.someAuth]"/>
					</http:request-builder>
					<http:success-status-code-validator values="200,201,400" />					
				</http:request>
		        <byte-array-to-string-transformer doc:name="Byte Array to String"/>
		        <set-variable variableName="UpdateINCIDENTResponsePayload" value="#[payload]" doc:name="set var"/>
		 	</processor-chain>
		</until-successful>
		<set-variable variableName="gotResponse" value="#[true]" doc:name="boolean gotResponse" />    
		<exception-strategy ref="requesters_exception_strategy" doc:name="Ref Exception Strategy"/>          
 	</flow>
 	
	<flow name="invoke_CreateNewInSourceSystem" doc:name="invoke create New in Source System">
		<logger level="INFO" message="(Before invoking SN) Incident POST request payload: #[payload]" doc:name="Logger-default"/>
        <until-successful maxRetries="${maxRetries}" millisBetweenRetries="${millisBetweenRetries}" failureExpression="#[${retrylogic}]" synchronous="true" ackExpression="#[message:correlationId]" doc:name="Until Successful" >
			<processor-chain doc:name="Processor Chain">
		        <http:request config-ref="myApp-prc-api" path="TBD" method="POST" doc:name="some endpoint at myApp-prc-api" parseResponse="false">
		            <http:request-builder>
		            	<http:header headerName="Content-Type" value="application/json" />
		            	<http:header headerName="Authorization" value="#[flowVars.connection_details.someAuth]"/>
		            </http:request-builder>
		        </http:request>
		        <byte-array-to-string-transformer doc:name="Byte Array to String"/>
			    <set-variable variableName="CreateIncidentResponsePayload" value="#[payload]" doc:name="set variable"/>			    
		 	</processor-chain>
		</until-successful>	 
		<set-variable variableName="gotResponse" value="#[true]" doc:name="boolean gotResponse" />	
        <exception-strategy ref="requesters_exception_strategy" doc:name="Ref Exception Strategy"/>
	</flow>	
	
	<flow name="invoke_FindTicketInSourceSystem" doc:name="invoke_FindTicketInSourceSystem">
		<logger level="INFO" message="Before invoking SN Incident GET request (by correlation_id): #[flowVars.incidentCorrelationId]" doc:name="Logger-default"/>
        <until-successful maxRetries="${maxRetries}" millisBetweenRetries="${millisBetweenRetries}" failureExpression="#[${retrylogic}]" synchronous="true" ackExpression="#[message:correlationId]" doc:name="Until Successful" >
			<processor-chain doc:name="Processor Chain">
				<http:request config-ref="myApp-prc-api" path="TBD" method="GET" doc:name="some endpoint at myApp-prc-api" parseResponse="false">
		            <http:request-builder>
		            	<http:header headerName="Content-Type" value="application/json" />
		            	<http:header headerName="Authorization" value="#[flowVars.connection_details.someAuth]"/>
		            </http:request-builder>
		        </http:request>	
		        <byte-array-to-string-transformer doc:name="Byte Array to String"/>
		        <set-variable variableName="GetExistingINCIDENTResponsePayload" value="#[payload]" doc:name="set var"/>	    	    
		 	</processor-chain>
		</until-successful>	 
		<set-variable variableName="gotResponse" value="#[true]" doc:name="boolean gotResponse" />
		<logger level="INFO" message="Debug response: #[flowVars.GetExistingINCIDENTResponsePayload]" doc:name="Logger-default"/>
        <exception-strategy ref="requesters_exception_strategy" doc:name="Ref Exception Strategy"/>		
	</flow>
	
	<flow name="invoke_UpdateSourceSystem" doc:name="invoke update Source System">
		<logger level="INFO" message="(Before invoking SN) Incident PUT request payload: #[payload]" doc:name="Logger-default"/>
        <logger level="INFO" message="checking SN Incident PUT sysId: #[flowVars.sysId]" doc:name="Logger-default"/>
		<logger level="INFO" message="checking SN endpointUrl: #[flowVars.connection_details.endpoint_url]" doc:name="Logger-default"/>
        <logger level="INFO" message="checking SN restPathUpdateTicket: #[flowVars.connection_details.outRestPathUpdateTicket]" doc:name="Logger-default"/>
        <until-successful maxRetries="${maxRetries}" millisBetweenRetries="${millisBetweenRetries}" failureExpression="#[${retrylogic}]" synchronous="true" ackExpression="#[message:correlationId]" doc:name="Until Successful" >
			<processor-chain doc:name="Processor Chain">
		        <http:request config-ref="myApp-prc-api" path="TBD" method="PUT" doc:name="some endpoint at myApp-prc-api" parseResponse="false">
		            <http:request-builder>
		            	<http:header headerName="Content-Type" value="application/json" />
		            	<http:header headerName="Authorization" value="#[flowVars.connection_details.someAuth]"/>
		            </http:request-builder>
		        </http:request>
		        <byte-array-to-string-transformer doc:name="Byte Array to String"/>
			    <set-variable variableName="UpdateIncidentResponsePayload" value="#[payload]" doc:name="set variable"/>			    
		 	</processor-chain>
		</until-successful>	 
		<set-variable variableName="gotResponse" value="#[true]" doc:name="boolean gotResponse" />	
        <exception-strategy ref="requesters_exception_strategy" doc:name="Ref Exception Strategy"/>
	</flow>
		
	<!-- exception strategy for requesters: handles retries -->
	<choice-exception-strategy name="requesters_exception_strategy">
        <catch-exception-strategy when="exception.causedBy(java.util.concurrent.TimeoutException)" doc:name="Catch Exception Strategy">
			<!-- <logger level="INFO" message="caught an exception thrown by until-successful: java.util.concurrent.TimeoutException" doc:name="Debug"/> -->
			<logger message="Number of PING attempts exhausted: java.util.concurrent.TimeoutException" level="INFO" doc:name="Logger payload"/>
        </catch-exception-strategy>
        <catch-exception-strategy when="exception.causedBy(java.net.ConnectException)" doc:name="Catch Exception Strategy">
			<!-- <logger level="INFO" message="caught an exception thrown by until-successful: java.net.ConnectException" doc:name="Debug"/> -->
			<logger message="Number of PING attempts exhausted: java.net.ConnectException" level="INFO" doc:name="Logger payload"/>
        </catch-exception-strategy>
        <catch-exception-strategy when="exception.causedBy(java.net.SocketTimeoutException)" doc:name="Catch Exception Strategy">
			<!-- <logger level="INFO" message="caught an exception thrown by until-successful: java.net.SocketTimeoutException" doc:name="Debug"/> -->
			<logger message="Number of PING attempts exhausted: java.net.SocketTimeoutException" level="INFO" doc:name="Logger payload"/>
        </catch-exception-strategy>
        <catch-exception-strategy when="exception.causedBy(java.net.SocketException)" doc:name="Catch Exception Strategy">
			<!-- <logger level="INFO" message="caught an exception thrown by until-successful: java.net.SocketException" doc:name="Debug"/> -->
			<logger message="Number of PING attempts exhausted: java.net.SocketException" level="INFO" doc:name="Logger payload"/>
        </catch-exception-strategy>
        <catch-exception-strategy when="exception.causedBy(java.net.UnknownHostException)" doc:name="Catch Exception Strategy">
			<!-- <logger level="INFO" message="caught an exception thrown by until-successful: java.net.UnknownHostException" doc:name="Debug"/> -->
			<logger message="Number of PING attempts exhausted: java.net.UnknownHostException" level="INFO" doc:name="Logger payload"/>
        </catch-exception-strategy>    
        <catch-exception-strategy when="exception.causedBy(org.mule.api.ConnectionException)" doc:name="Catch Exception Strategy">
			<!-- <logger level="INFO" message="caught an exception thrown by until-successful: org.mule.api.ConnectionException" doc:name="Debug"/> -->
			<logger message="Number of PING attempts exhausted: org.mule.api.ConnectionException" level="INFO" doc:name="Logger payload"/>
        </catch-exception-strategy>	          
	</choice-exception-strategy>
</mule>
