<?xml version="1.0" encoding="UTF-8"?>

<mule xmlns:mulexml="http://www.mulesoft.org/schema/mule/xml"
	xmlns:json="http://www.mulesoft.org/schema/mule/json" xmlns:tracking="http://www.mulesoft.org/schema/mule/ee/tracking"
	xmlns:metadata="http://www.mulesoft.org/schema/mule/metadata" xmlns:db="http://www.mulesoft.org/schema/mule/db"
	xmlns:http="http://www.mulesoft.org/schema/mule/http" xmlns:dw="http://www.mulesoft.org/schema/mule/ee/dw"
	xmlns="http://www.mulesoft.org/schema/mule/core" xmlns:doc="http://www.mulesoft.org/schema/mule/documentation"
	xmlns:spring="http://www.springframework.org/schema/beans" xmlns:xsi="http://www.w3.org/2001/XMLSchema-instance"
	xsi:schemaLocation="http://www.mulesoft.org/schema/mule/json http://www.mulesoft.org/schema/mule/json/current/mule-json.xsd
http://www.springframework.org/schema/beans http://www.springframework.org/schema/beans/spring-beans-current.xsd
http://www.mulesoft.org/schema/mule/db http://www.mulesoft.org/schema/mule/db/current/mule-db.xsd
http://www.mulesoft.org/schema/mule/http http://www.mulesoft.org/schema/mule/http/current/mule-http.xsd
http://www.mulesoft.org/schema/mule/ee/tracking http://www.mulesoft.org/schema/mule/ee/tracking/current/mule-tracking-ee.xsd
http://www.mulesoft.org/schema/mule/ee/dw http://www.mulesoft.org/schema/mule/ee/dw/current/dw.xsd
http://www.mulesoft.org/schema/mule/core http://www.mulesoft.org/schema/mule/core/current/mule.xsd
http://www.mulesoft.org/schema/mule/xml http://www.mulesoft.org/schema/mule/xml/current/mule-xml.xsd">

<!-- workers: implement here every orchestration logic between the api stubs (api.xml) and the request-implementations (request-impl.xml) -->

	<flow name="post-eventFlow">
		<logger message="eventType: #[flowVars.eventType=='CHANGE'? flowVars.subEventType:flowVars.eventType], apiMethod: #[flowVars.apiMethodName], verb: #[flowVars.ApiMethodVerb]" level="INFO" doc:name="DEBUG"/>
        <!-- DW code can be stored outside of code (in a db). not a recommendation -->
		<set-payload value="#[dw(flowVars.client_details.integration.mappings[2].dw_mapping,'application/json')]" mimeType="application/java" doc:name="Dynamic Dataweave ASSYST_IN_CREATE_TICKET"/>    

						<logger message="Request payload before POST #[flowVars.eventType]: #[payload]" level="INFO" doc:name="DEBUG"/>
						<!-- invoke the request-implementation -->
						<flow-ref name="invokeCreateINCIDENTService" doc:name="invoke create INCIDENT Service" />
						<set-payload value="#[flowVars.CreateINCIDENTResponsePayload]" mimeType="application/json" doc:name="set outbound payload"/>
						<logger message="Response payload from POST #[flowVars.eventType.equals('CHANGE')?flowVars.subEventType:flowVars.eventType]: #[message.payloadAs(java.lang.String)]" level="INFO" doc:name="DEBUG"/>
						<logger message="Response http.status from POST #[flowVars.eventType.equals('CHANGE')?flowVars.subEventType:flowVars.eventType]: #[message.inboundProperties.'http.status']" level="INFO" doc:name="DEBUG"/>
						<choice doc:name="http status check">
							<when expression="#[message.inboundProperties.'http.status' == 201]">
								<dw:transform-message doc:name="DW: assyst json to cust json">
									<dw:input-payload mimeType="application/json" />
									<dw:set-payload><![CDATA[%dw 1.0
%input payload application/json
%output application/json
%var eventType = flowVars.eventType
%var subEventType = flowVars.subEventType
---
{
	RespCode: "201",
	RespShortDesc: "Event (" ++ (eventType when eventType!='CHANGE' otherwise subEventType) ++ ") created successfully",
	EventID: payload.id as :string,
	EventRef: payload.formattedReference,
	EventUserRef: payload.userReference,
	EventCsgSc: payload.csg.shortCode,
	EventStatus: payload.eventStatusEnum
}]]></dw:set-payload>
								</dw:transform-message>
							</when>
							<otherwise>
								<set-property propertyName="http.status" value="400"
									doc:name="Property" />

								<dw:transform-message
									doc:name="DW: exc assyst json to cust json">
									<dw:input-payload mimeType="application/json"
										doc:sample="event_creation_resp_400.xml" />
									<dw:set-payload><![CDATA[%dw 1.0
%input payload application/json
%output application/json
%var eventType = flowVars.eventType
%var subEventType = flowVars.subEventType
---
{
	RespCode: "400",
	RespShortDesc: "Event (" ++ (eventType when eventType!='CHANGE' otherwise subEventType) ++ ") creation encountered an error",
	Type: payload.type,
	(
		Message: "" ++ (
			payload.message as :cdata
		)
	) when ( not payload.message is :null ),
	Errors: "" when payload.errors is :null  otherwise payload.errors
}]]></dw:set-payload>
				</dw:transform-message>
			</otherwise>
		</choice>
		<set-property propertyName="Content-Type" value="application/json" doc:name="Property" />  
		<!-- reference to global exception strategy -->
		<exception-strategy ref="_global_exception_strategy" doc:name="Ref Exception Strategy"/>		
	</flow>
	<flow name="get-singleEventFlow">
		<logger message="eventType: #[flowVars.eventType=='CHANGE'? flowVars.subEventType:flowVars.eventType]" level="INFO" doc:name="DEBUG"/>
		<logger message="apiMethod: #[flowVars.apiMethodName]" level="INFO" doc:name="DEBUG"/>
		<logger message="verb: #[flowVars.ApiMethodVerb]" level="INFO" doc:name="DEBUG"/>
		<logger message="eventID: #[flowVars.eventID]" level="INFO" doc:name="DEBUG"/>
		<!-- invoke the request-implementation -->
		<flow-ref name="invokeGetSingleEVENTService" doc:name="invoke Get Single EVENT Service" />
		<set-payload value="#[flowVars.GetSingleINCIDENTResponsePayload]" doc:name="set outbound payload"/>
		<logger message="Response payload from GET Single #[flowVars.eventType=='CHANGE'?flowVars.subEventType,flowVars.eventType]: #[message.payloadAs(java.lang.String)]" level="INFO" doc:name="DEBUG"/>
		<logger message="Response http.status from GET Single #[flowVars.eventType=='CHANGE'?flowVars.subEventType,flowVars.eventType]: #[message.inboundProperties.'http.status']" level="INFO" doc:name="DEBUG"/>	
		<choice doc:name="http status check">
			<when expression="#[message.inboundProperties.'http.status' == 200]">
				<!-- TODO -->
				<set-property propertyName="http.status" value="200" doc:name="Property" />
			</when>
			<otherwise>
				<set-property propertyName="http.status" value="400" doc:name="Property" />
			</otherwise>
		</choice>
		<set-property propertyName="Content-Type" value="application/json" doc:name="Property" />  
		<!-- reference to global exception strategy -->
		<exception-strategy ref="_global_exception_strategy" doc:name="Ref Exception Strategy"/>		
	</flow>	
	<flow name="get-eventsFlow">
		<logger message="eventType: #[flowVars.eventType=='CHANGE'? flowVars.subEventType:flowVars.eventType]" level="INFO" doc:name="DEBUG"/>
		<logger message="apiMethod: #[flowVars.apiMethodName]" level="INFO" doc:name="DEBUG"/>
		<logger message="verb: #[flowVars.ApiMethodVerb]" level="INFO" doc:name="DEBUG"/>
		<!-- invoke the request-implementation -->
		<flow-ref name="invokeGetMultipleEVENTService" doc:name="invoke Get Multiple INCIDENT Service" />
		<set-payload value="#[flowVars.GetMultipleINCIDENTsResponsePayload]" doc:name="set outbound payload"/>
		<logger message="Response payload from GET Multiple EVENTs: #[message.payloadAs(java.lang.String)]" level="INFO" doc:name="DEBUG"/>
		<logger message="Response http.status from GET Multiple EVENTs: #[message.inboundProperties.'http.status']" level="INFO" doc:name="DEBUG"/>
	</flow>	
	<flow name="put-eventFlow">
		<logger message="eventType: #[flowVars.eventType=='CHANGE'?flowVars.subEventType,flowVars.eventType], apiMethod: #[flowVars.apiMethodName], verb: #[flowVars.ApiMethodVerb]" level="INFO" doc:name="DEBUG"/>
		<logger message="Requested eventID: #[flowVars.eventID]" level="INFO" doc:name="DEBUG"/>
		<!-- some helper function -->
        <!-- follow this pattern for DW if mappings in code are not desirable: I do not recommend that approach but here as reference -->
		<set-payload value="#[dw(flowVars.client_details.integration.mappings[3].dw_mapping,'application/json')]" mimeType="application/java" doc:name="Dynamic Dataweave ASSYST_IN_UPDATE_TICKET"/>    
 		

		<logger message="Request payload before (POST) Update #[flowVars.eventType.equals('CHANGE')?flowVars.subEventType:flowVars.eventType]: #[payload]" level="INFO" doc:name="DEBUG"/>		
		<!-- invoke the request-implementation -->
		<flow-ref name="invokeUpdateEVENTService" doc:name="invoke Update INCIDENT Service" />
		<set-payload value="#[flowVars.UpdateINCIDENTResponsePayload]" doc:name="set outbound payload"/>
		<logger message="Response payload from (POST) Update #[flowVars.eventType.equals('CHANGE')?flowVars.subEventType:flowVars.eventType]: #[message.payloadAs(java.lang.String)]" level="INFO" doc:name="DEBUG"/>
		<logger message="Response http.status from (POST) Update #[flowVars.eventType.equals('CHANGE')?flowVars.subEventType:flowVars.eventType]: #[message.inboundProperties.'http.status']" level="INFO" doc:name="DEBUG"/>	
		<choice doc:name="http status check">
			<when expression="#[message.inboundProperties.'http.status' == 200]">
				<!-- TODO -->
				<set-property propertyName="http.status" value="200" doc:name="Property" />
			</when>
			<otherwise>
				<set-property propertyName="http.status" value="400" doc:name="Property" />
			</otherwise>
		</choice>
		<set-property propertyName="Content-Type" value="application/json" doc:name="Property" />  
		<!-- reference to global exception strategy -->
		<exception-strategy ref="_global_exception_strategy" doc:name="Ref Exception Strategy"/>		
	</flow>			
    <flow name="wf_create-new-in-source-system">
    	<logger level="INFO" message="...attemtping to create a NEW Incident in the SourceSystem for AssystID #[payload.assystEventID]..." doc:name="Debug"/>
        <set-payload value="#[dw(flowVars.client_details.integration.mappings[0].dw_mapping,'application/json')]" mimeType="application/java" doc:name="Dynamic Dataweave ASSYST_OUT_CREATE_TICKET"/>
        
        <byte-array-to-string-transformer doc:name="Byte Array to String"/> 	
		
        <!-- invoke UpdateSourceSystem Service -->
        <flow-ref name="invoke_CreateNewInSourceSystem" doc:name="invoke_CreateNewInSourceSystem"/>		
					                          
		<set-payload value="#[flowVars.CreateIncidentResponsePayload]" doc:name="set outbound payload"/>    
        <!-- check for http.status -->
		<choice doc:name="Choice">
		    <when expression="#[message.inboundProperties['http.status'] == '201']">		    
		        <logger level="INFO" message="Incident Outbound create successful!" doc:name="Debug"/>
		        <logger level="INFO" message="Incident Outbound create response payload: #[payload]" doc:name="Debug"/>
		    </when>
		    <otherwise>
		        <logger level="INFO" message="Incident Outbound create failed! http.status=#[message.inboundProperties['http.status']]" doc:name="Debug"/> 
		        <logger level="INFO" message="Incident Outbound create response payload: #[payload]" doc:name="Debug"/>             
		    </otherwise>
		</choice>         
		<set-property propertyName="Content-Type" value="application/json" doc:name="Property" />   
		<!-- reference to global exception strategy -->
		<exception-strategy ref="_global_exception_strategy" doc:name="Ref Exception Strategy"/>
    </flow>	
    <flow name="wf_update-source-system">
    	<logger level="INFO" message="...attemtping to update an Incident in the SourceSystem for sourceTicketId #[flowVars.sysId]..." doc:name="Debug"/>
		<!-- some helper function -->
        <set-payload value="#[dw(flowVars.client_details.integration.mappings[1].dw_mapping,'application/json')]" mimeType="application/java" doc:name="Dynamic Dataweave ASSYST_OUT_CREATE_TICKET"/>

        <byte-array-to-string-transformer doc:name="Byte Array to String"/>   	
		
        <!-- invoke UpdateSourceSystem Service -->
        <flow-ref name="invoke_UpdateSourceSystem" doc:name="invoke_UpdateSourceSystem"/>				                          
		<set-payload value="#[flowVars.UpdateIncidentResponsePayload]" doc:name="set outbound payload"/>    
        <!-- check for http.status -->
		<choice doc:name="Choice">
			<when expression="#[message.inboundProperties['http.status'] == '200']">		    
		        <logger level="INFO" message="Incident Outbound update successful!" doc:name="Debug"/>
		        <logger level="INFO" message="Incident Outbound update response payload: #[payload]" doc:name="Debug"/>
		    </when>
		    <otherwise>
		        <logger level="INFO" message="Incident Outbound update failed! http.status=#[message.inboundProperties['http.status']]" doc:name="Debug"/> 
		        <logger level="INFO" message="Incident Outbound update response payload: #[payload]" doc:name="Debug"/>             
		    </otherwise>
		</choice>         
		<set-property propertyName="Content-Type" value="application/json" doc:name="Property" />   
		<!-- reference to global exception strategy -->
		<exception-strategy ref="_global_exception_strategy" doc:name="Ref Exception Strategy"/>
    </flow>    
</mule>
