{
	
		"legalEntityName": "Google Inc",
		"alternativeName": "Google",
		"taxId": "<TaxIdentification>",
		"govermentId": "<GovernmentIdentification>",
		"riskRatingAttributes": "<RiskRating>",	
		"isPubliclyTraded": true,
		"publiclyTradedInfo": "<PubliclyTradedInfo>",
		"bookingCountry": "<BookingCountry>",
		"relatedParties": [
			{
				"relationshipCode": "30",
				"customer": "<Customer>"
				
			},
			{
				"relationshipCode": "30",
				"customer": "<Customer>"
				
			}
		],
		"pepStatus": false,
		"dunsNumber": "08-025-1234",
		"occupationCode": "PROFMGR",
		"businessDescription": "Search Engine company",
		"isInternetOrGamblingBusiness": false,		
		"officer": "u432738",
		"idDisregardEntity": true,
		"naics": [
			"<NAICCode>"
		]
	
}
