{
	"Request":{
		"appName": "CustomerDocument",
  		"api-layer": "process-api",
  		"api-method": "uploadDocument",
		"payload":{
			"docName": "Investment Compliant- Customer Due Diligence Form",
			"docShortName": "Investment",
			"docTitle": "Customer Due Diligence Form",
			"docCategory": "Approval",
			"docClassification": "Id proof",
			"docIngestedMethod": "ingested method",
			"docExpiryDate": "09-25-2017",
			"docMimeType": "application/pdf",
			"docStream": "Base64 Stream of Document"
		}
			
	}

}