{
	"Request":{
		"appName": "CustomerRiskAttributesService",
  		"api-layer": "process-api",
  		"api-method": "addproducts",
		"payload":{
				[
				{
					"name": "Direct Deposit Account",
					"code": "PD410",
					"family": "Saving Account",
					"details": "Type of Saving Account",
					"source": "U"
				},
				{
					"name": "Lines of Credit",
					"code": "PD350",
					"family": "Credit",
					"details": "Revolving Line",
					"source": "U"
				}
				
			]
		
	}

}