{
  "$id": "http://example.com/example.json",
  "type": "object",
  "definitions": {},
  "$schema": "http://json-schema.org/draft-07/schema#",
  "properties": {
    "legalName": {
      "$id": "/properties/legalName",
      "type": "string"
    },
    "alternativeName": {
      "$id": "/properties/alternativeName",
      "type": "string"
    },
    "firstName": {
      "$id": "/properties/firstName",
      "type": "string"
    },
    "middleName": {
      "$id": "/properties/middleName",
      "type": "string"
    },
    "lastName": {
      "$id": "/properties/lastName",
      "type": "string"
    },
    "dateOfBirth": {
      "$id": "/properties/dateOfBirth",
      "type": "string"
    },
    "citizenship": {
      "$id": "/properties/citizenship",
      "type": "string"
    },
    "taxId": {
      "$id": "/properties/taxId",
      "type": "object",     
      "taxId":  "file://./src/main/resources/com/wellsfargo/cornerstone/canonical_1_0/schema/TaxIdentification.schema.json"      
    },
    "govermentId": {
      "$id": "/properties/govermentId",
      "type": "object",
// REVIEW SYNTAX for current schema to reference another schema
      "govermentId":  "file://./src/main/resources/com/wellsfargo/cornerstone/canonical_1_0/schema/GovernmentIdentification.schema.json"
      
    },
    "nationality": {
      "$id": "/properties/nationality",
      "type": "string"
    },
    "permanentResidenceCountry": {
      "$id": "/properties/permanentResidenceCountry",
      "type": "string"
    }
  },
  "required": [
    "legalName",
    "firstName",
    "lastName",
    "dateOfBirth",
    "citizenship",
    "taxId",
    "govermentId",
    "nationality",
    "permanentResidenceCountry"
  ] 
}