{
	"$id": "http://example.com/example.json",
	"type": "object",
	"definitions": {},
	"$schema": "http://json-schema.org/draft-07/schema#",
	"properties": {
		"addressType": {
			"$id": "/properties/addressType",
			"type": "string",
			"enum": [
				"Physical, Registered, Additional"
			]
		},
		"addressLine1": {
			"$id": "/properties/addressLine1",
			"type": "string"
		},
		"addressLine2": {
			"$id": "/properties/addressLine2",
			"type": "string"
		},
		"addressLine3": {
			"$id": "/properties/addressLine3",
			"type": "string"
		},
		"city": {
			"$id": "/properties/city",
			"type": "string"
		},
		"stateOrProvince": {
			"$id": "/properties/stateOrProvince",
			"type": "string",
			"minLength": 2,
			"maxLength": 2
		},
		"countryCode": {
			"$id": "/properties/countryCode",
			"type": "string",
			"minLength": 2,
			"maxLength": 2
		},
		"zipCode": {
			"$id": "/properties/zipCode",
			"type": "string",
			"examples": [
				"08854"
			],
			"minLength": 5,
			"maxLength": 10
		}
	},
	"required": [
		"addressType",
		"addressLine1",
		"city",
		"stateOrProvince",
		"countryCode",
		"zipCode"
	]
}