{
  "$id": "http://example.com/example.json",
  "type": "object",
  "definitions": {},
  "$schema": "http://json-schema.org/draft-07/schema#",
  "properties": {
    "bookingOffice": {
      "$id": "/properties/bookingOffice",
      "type": "array",
      "items": {
        "$id": "/properties/bookingOffice/items",
        "type": "object",
        "properties": {
          "country": {
            "$id": "/properties/bookingOffice/items/properties/country",
            "type": "string",
            "minLength": 2,
			"maxLength": 2
          }
        },
        "required": [
          "country"
        ]
      }
    },
    "OUSRM": {
      "$id": "/properties/OUSRM",
      "type": "array",
      "additionalItems": false,
      "items": {
        "$id": "/properties/OUSRM/items",
        "type": "object",
        "properties": {
          "country": {
            "$id": "/properties/OUSRM/items/properties/country",
            "type": "string",
            "minLength": 2,
			"maxLength": 2
          },
          "bookingEntity": {
            "$id": "/properties/OUSRM/items/properties/bookingEntity",
            "type": "string"
          },
          "countryOfDomicile": {
            "$id": "/properties/OUSRM/items/properties/countryOfDomicile",
            "type": "string",
            "minLength": 2,
			"maxLength": 2
          }
        },
        "required": [
          "country",
          "bookingEntity",
          "countryOfDomicile"
        ]
      }
    }
  },
  "required": [
    "bookingOffice",
    "OUSRM"
  ]
}