{
	"$id": "http://example.com/example.json",
	"type": "object",
	"definitions": {},
	"$schema": "http://json-schema.org/draft-07/schema#",
	"properties": {
		"cipNoticeProvided": {
			"$id": "/properties/cipNoticeProvided",
			"type": "boolean"
		},
		"cipNoticeProvidedDate": {
			"$id": "/properties/cipNoticeProvidedDate",
			"type": "string"
		},
		"cipVerifyStatus": {
			"$id": "/properties/cipVerifyStatus",
			"type": "boolean"
		},
		"cipVerificationDate": {
			"$id": "/properties/cipVerificationDate",
			"type": "string"
		}
	},
	"required": [
		"cipNoticeProvided",
		"cipNoticeProvidedDate",
		"cipVerifyStatus",
		"cipVerificationDate"
	]
}