{
  "$id": "http://example.com/example.json",
  "type": "object",
  "definitions": {},
  "$schema": "http://json-schema.org/draft-07/schema#",
  "properties": {
    "customer_id": {
      "$id": "/properties/customer_id",
      "type": "string"
    },
    "lob": {
      "$id": "/properties/lob",
      "type": "string"
    },
    "isSuspended": {
      "$id": "/properties/isSuspended",
      "type": "boolean"
    },
    "isRiskExit": {
      "$id": "/properties/isRiskexit",
      "type": "boolean"
    },
    "isDleaCompleted": {
      "$id": "/properties/isDleaCompleted",
      "type": "boolean"
    },
    "isAlreadyExisting": {
      "$id": "/properties/isAlreadyExists",
      "type": "boolean"
    },
    "isVolkerFlagSet": {
      "$id": "/properties/isVolkerFlagSet",
      "type": "boolean"
    },
    "isTerminated": {
      "$id": "/properties/isTerminated",
      "type": "boolean"
    },
    "isUnderUpdate": {
      "$id": "/properties/isUnderUpdate",
      "type": "boolean"
    },
    "isInFlight": {
      "$id": "/properties/isInFlight",
      "type": "boolean"
    }
  },
	"required": [
		"customer_id",
		"lob",
		"isSuspended",
		"isRiskExit",
		"isDleaCompleted",
		"isAlreadyExisting",
		"isVolkerFlagSet",
		"isTerminated",
		"isUnderUpdate",
		"isInFlight"
	]
}