{
  "$id": "http://example.com/example.json",
  "type": "object",
  "definitions": {},
  "$schema": "http://json-schema.org/draft-07/schema#",
  "properties": {
    "docName": {
      "$id": "/properties/docName",
      "type": "string"
    },
    "docShortName": {
      "$id": "/properties/docShortName",
      "type": "string"
    },
    "docTitle": {
      "$id": "/properties/docTitle",
      "type": "string"
    },
    "docCategory": {
      "$id": "/properties/docCategory",
      "type": "string"
    },
    "docClassification": {
      "$id": "/properties/docClassification",
      "type": "string"
    },
    "docIngestedMethod": {
      "$id": "/properties/docIngestedMethod",
      "type": "string"
    },
    "docExpiryDate": {
      "$id": "/properties/docExpiryDate",
      "type": "string"
    },
    "docMimeType": {
      "$id": "/properties/docMimeType",
      "type": "string"
    },
    "docStream": {
      "$id": "/properties/docStream",
      "type": "string"
    }
  },
	"required": [
		"docName",
		"docShortName",
		"docTitle",
		"docCategory",
		"docClassification",
		"docIngestedMethod",
		"docExpiryDate",
		"docMimeType",
		"docStream"
	]  
}