{
  "$id": "http://example.com/example.json",
  "type": "object",
  "definitions": {},
  "$schema": "http://json-schema.org/draft-07/schema#",
  "properties": {
    "Id": {
      "$id": "/properties/Id",
      "type": "string"
    },
    "CustomerId": {
      "$id": "/properties/CustomerId",
      "type": "string"
    },
    "WcisId": {
      "$id": "/properties/WcisId",
      "type": "string"
    },
    "isForMainParty": {
      "$id": "/properties/isForMainParty",
      "type": "boolean"
    },
    "Lob": {
      "$id": "/properties/Lob",
      "type": "string",
	  "enum": [
		"BBG, WFS, GE"
	  ]      
    },
    "State": {
      "$id": "/properties/State",
      "type": "string"
    },
    "StartTimestamp": {
      "$id": "/properties/StartTimestamp",
      "type": "string"
    }
  },
  "required": [
    "Id",
    "CustomerId",
    "WcisId",
    "isForMainParty",
    "Lob",
    "State",
    "StartTimestamp"
  ]
}