{
	"$id": "http://example.com/example.json",
	"type": "object",
	"definitions": {},
	"$schema": "http://json-schema.org/draft-07/schema#",
	"properties": {
		"typeCode": {
			"$id": "/properties/typeCode",
			"type": "string"
		},
		"description": {
			"$id": "/properties/description",
			"type": "string"
		},
		"expDate": {
			"$id": "/properties/expDate",
			"type": "string"
		},
		"issuingCountry": {
			"$id": "/properties/issuingCountry",
			"type": "string"
		}
	},
	"required": [
		"typeCode",
		"description",
		"expDate",
		"issuingCountry"
	]	
}