{
  "$id": "http://example.com/example.json",
  "type": [
    "object",
    "null"
  ],
  "definitions": {
    "Person": {
      "type": "object",
      "properties": {
        "street_address": { "type": "string" },
        "city":           { "type": "string" },
        "state":          { "type": "string" }
        
	"legalName"
	"alternativeName"
	"firstName"
	"middleName"
	"lastName"
	"dateOfBirth"
	"citizenship"
	"taxId"
	"govermentId"
	"nationality"
	"permanentResidenceCountry"
      },
      "required": ["street_address", "city", "state"]
    }
  },
  "$schema": "http://json-schema.org/draft-07/schema#",
  "additionalProperties": false,
  "properties": {
    "Person": {
      "$id": "/properties/Person",
      "type": [
        "string",
        "null"
      ],
      "title": "The Person Schema ",
      "default": "",
      "examples": [
        "<Person>"
      ]
    },
    "riskRatingAttributes": {
      "$id": "/properties/riskRatingAttributes",
      "type": [
        "string",
        "null"
      ],
      "title": "The Riskratingattributes Schema ",
      "default": "",
      "examples": [
        "<RiskRating>"
      ]
    },
    "relatedParties": {
      "$id": "/properties/relatedParties",
      "type": [
        "array",
        "null"
      ],
      "items": {
        "$id": "/properties/relatedParties/items",
        "type": [
          "object",
          "null"
        ],
        "additionalProperties": false,
        "properties": {
          "relationshipCode": {
            "$id": "/properties/relatedParties/items/properties/relationshipCode",
            "type": [
              "string",
              "null"
            ],
            "title": "The Relationshipcode Schema ",
            "default": "",
            "examples": [
              "30"
            ]
          },
          "customer": {
            "$id": "/properties/relatedParties/items/properties/customer",
            "type": [
              "string",
              "null"
            ],
            "title": "The Customer Schema ",
            "default": "",
            "examples": [
              "<Customer>"
            ]
          }
        },
        "required": [
          "relationshipCode",
          "customer"
        ]
      }
    },
    "pepStatus": {
      "$id": "/properties/pepStatus",
      "type": [
        "boolean",
        "null"
      ],
      "title": "The Pepstatus Schema ",
      "default": false,
      "examples": [
        true
      ]
    },
    "nationality": {
      "$id": "/properties/nationality",
      "type": [
        "string",
        "null"
      ],
      "title": "The Nationality Schema ",
      "default": "",
      "examples": [
        "CA"
      ]
    },
    "permResidenceCountry": {
      "$id": "/properties/permResidenceCountry",
      "type": [
        "string",
        "null"
      ],
      "title": "The Permresidencecountry Schema ",
      "default": "",
      "examples": [
        "US"
      ]
    }
  },
  "required": [
    "Person",
    "riskRatingAttributes",
    "relatedParties",
    "pepStatus",
    "nationality",
    "permResidenceCountry"
  ]
}