{
	"$id": "http://example.com/example.json",
	"type": [
		"object",
		"null"
	],
	"definitions": {},
	"$schema": "http://json-schema.org/draft-07/schema#",
	"properties": {
		"primaryNaicCode": {
			"$id": "/properties/primaryNaicCode",
			"type": "string"
		},
		"additionalNaicCodes": {
			"$id": "/properties/additionalNaicCodes",
			"type": [
				"array",
				"null"
			],
			"items": {
				"$id": "/properties/additionalNaicCodes/items",
				"type": [
					"object",
					"null"
				],
				"additionalProperties": false,
				"properties": {
					"naicCode": {
						"$id": "/properties/additionalNaicCodes/items/properties/naicCode",
						"type": [
							"string",
							"null"
						]
					}
				}
			}
		}
	},
	"required": [
		"primaryNaicCode"
	]
}