{
	"$id": "http://example.com/example.json",
	"type": [
		"object",
		"null"
	],
	"definitions": {},
	"$schema": "http://json-schema.org/draft-07/schema#",
	"properties": {
		"name": {
			"$id": "/properties/name",
			"type": "string"
		},
		"code": {
			"$id": "/properties/code",
			"type": "string"
		},
		"family": {
			"$id": "/properties/family",
			"type": "string"
		},
		"details": {
			"$id": "/properties/details",
			"type": "string"
		},
		"source": {
			"$id": "/properties/source",
			"type": "string"
		}
	},
	"required": [
		"name",
		"code",
		"family",
		"details",
		"source"
	]
}