{
  "$id": "http://example.com/example.json",
  "type": [
    "object",
    "null"
  ],
  "definitions": {},
  "$schema": "http://json-schema.org/draft-07/schema#",
  "properties": {
    "code": {
      "$id": "/properties/code",
      "type": "string"
    },
    "comment": {
      "$id": "/properties/comment",
      "type": [
        "string",
        "null"
      ],
      "title": "The Comment Schema ",
      "default": "",
      "examples": [
        "Gambling Industry"
      ]
    },
    "lob": {
      "$id": "/properties/lob",
      "type": "string"
    }
  },
  "required": [
    "code",
    "lob"
  ]
}