{
  "$id": "http://example.com/example.json",
  "type": "object",
  "definitions": {},
  "$schema": "http://json-schema.org/draft-07/schema#",
  "properties": {
    "taxIDType": {
      "$id": "/properties/taxIDType",
      "type": "array",
       "items": {
        "type": "string",
        "enum": ["SSN", "EIN", "ITIN"]
    }
    },
    "taxIDValue": {
      "$id": "/properties/taxIDValue",
      "type": "string"
    }
  },
  "required": [
    "taxIDType",
    "taxIDValue"
  ]
}